n,tr_day,wr,per_day,per_trade,maxDD,sharpe,worst_q,n_folds,pos_folds,name
171277,182.6,37.1,-504.0,-2.76,473253.0,-15.99,-793.8,13,0,RENKO R2.0N2mom_S10.0T20.0
129841,138.4,40.4,-351.0,-2.54,329459.0,-12.54,-535.5,13,0,RENKO R2.0N2mom_S15.0T30.0
112436,119.9,42.5,-278.2,-2.32,261222.0,-10.49,-379.1,13,0,RENKO R2.0N2mom_S20.0T40.0
99597,106.2,44.7,-221.1,-2.08,208115.0,-7.85,-441.3,13,0,RENKO R2.0N2mom_S30.0T60.0
171347,182.7,37.7,-480.6,-2.63,450983.0,-15.85,-848.1,13,0,RENKO R2.0N2rev_S10.0T20.0
129706,138.3,41.2,-327.2,-2.37,307208.0,-12.18,-500.4,13,0,RENKO R2.0N2rev_S15.0T30.0
112562,120.0,43.5,-247.6,-2.06,232534.0,-9.51,-466.4,13,0,RENKO R2.0N2rev_S20.0T40.0
99591,106.2,45.9,-182.4,-1.72,172196.0,-7.06,-274.0,13,0,RENKO R2.0N2rev_S30.0T60.0
141236,150.6,36.3,-440.9,-2.93,413930.0,-14.96,-773.0,13,0,RENKO R2.0N3mom_S10.0T20.0
106716,113.8,39.9,-289.2,-2.54,271559.0,-10.78,-471.5,13,0,RENKO R2.0N3mom_S15.0T30.0
91347,97.4,42.2,-231.7,-2.38,217412.0,-8.98,-406.9,13,0,RENKO R2.0N3mom_S20.0T40.0
79450,84.7,44.5,-196.2,-2.32,184735.0,-7.48,-414.1,13,0,RENKO R2.0N3mom_S30.0T60.0
141345,150.7,36.9,-423.8,-2.81,397948.0,-14.26,-714.8,13,0,RENKO R2.0N3rev_S10.0T20.0
106649,113.7,41.1,-262.5,-2.31,246898.0,-9.71,-442.9,13,0,RENKO R2.0N3rev_S15.0T30.0
91543,97.6,43.7,-203.7,-2.09,191448.0,-7.79,-391.0,13,0,RENKO R2.0N3rev_S20.0T40.0
79588,84.8,46.3,-157.2,-1.85,148042.0,-5.73,-314.8,13,0,RENKO R2.0N3rev_S30.0T60.0
82759,89.6,35.2,-262.5,-2.93,243104.0,-10.34,-562.0,13,0,RENKO R2.0N4mom_S10.0T20.0
65251,70.6,38.2,-210.3,-2.98,194908.0,-8.56,-461.6,13,0,RENKO R2.0N4mom_S15.0T30.0
55577,60.1,41.3,-154.3,-2.57,143219.0,-6.61,-301.1,13,1,RENKO R2.0N4mom_S20.0T40.0
47019,50.9,44.4,-113.7,-2.23,106210.0,-4.74,-237.5,13,1,RENKO R2.0N4mom_S30.0T60.0
82736,89.5,35.4,-257.6,-2.88,238206.0,-10.11,-496.1,13,0,RENKO R2.0N4rev_S10.0T20.0
65349,70.7,38.7,-202.5,-2.86,187785.0,-7.76,-455.5,13,0,RENKO R2.0N4rev_S15.0T30.0
55795,60.4,41.9,-150.2,-2.49,139126.0,-6.2,-308.1,13,0,RENKO R2.0N4rev_S20.0T40.0
47175,51.1,45.5,-96.7,-1.89,90728.0,-3.95,-241.8,13,0,RENKO R2.0N4rev_S30.0T60.0
164788,175.7,36.8,-496.0,-2.82,465719.0,-15.79,-842.0,13,0,RENKO R3.0N2mom_S10.0T20.0
124626,132.9,40.3,-325.8,-2.45,305755.0,-11.75,-560.1,13,0,RENKO R3.0N2mom_S15.0T30.0
107931,115.1,42.4,-266.2,-2.31,250411.0,-10.18,-379.2,13,0,RENKO R3.0N2mom_S20.0T40.0
95128,101.4,44.4,-206.4,-2.03,194434.0,-7.7,-312.4,13,0,RENKO R3.0N2mom_S30.0T60.0
164812,175.7,37.6,-479.1,-2.73,450205.0,-15.22,-743.6,13,0,RENKO R3.0N2rev_S10.0T20.0
124888,133.1,41.4,-313.2,-2.35,294406.0,-11.67,-541.5,13,0,RENKO R3.0N2rev_S15.0T30.0
107908,115.0,43.7,-236.4,-2.06,222107.0,-9.3,-437.3,13,0,RENKO R3.0N2rev_S20.0T40.0
95243,101.5,46.1,-174.3,-1.72,164822.0,-6.73,-369.8,13,0,RENKO R3.0N2rev_S30.0T60.0
110349,117.8,35.5,-349.2,-2.97,327786.0,-12.89,-677.1,13,0,RENKO R3.0N3mom_S10.0T20.0
84778,90.5,38.9,-252.2,-2.79,237014.0,-9.7,-581.6,13,0,RENKO R3.0N3mom_S15.0T30.0
72015,76.9,41.6,-195.9,-2.55,183729.0,-7.61,-488.7,13,0,RENKO R3.0N3mom_S20.0T40.0
61623,65.8,44.6,-128.1,-1.95,120553.0,-5.26,-345.8,13,0,RENKO R3.0N3mom_S30.0T60.0
110133,117.5,36.5,-322.5,-2.74,302230.0,-11.5,-567.6,13,0,RENKO R3.0N3rev_S10.0T20.0
84751,90.4,40.1,-242.7,-2.68,228897.0,-8.93,-467.4,13,0,RENKO R3.0N3rev_S15.0T30.0
72304,77.2,43.1,-184.6,-2.39,174301.0,-7.07,-402.4,13,0,RENKO R3.0N3rev_S20.0T40.0
62019,66.2,46.3,-134.1,-2.03,127696.0,-5.46,-285.0,13,0,RENKO R3.0N3rev_S30.0T60.0
41678,46.3,34.5,-133.3,-2.88,120410.0,-7.63,-295.6,13,0,RENKO R3.0N4mom_S10.0T20.0
35227,39.1,37.3,-103.1,-2.64,93185.0,-5.31,-247.5,13,1,RENKO R3.0N4mom_S15.0T30.0
30883,34.3,39.6,-89.7,-2.62,81266.0,-4.75,-207.8,13,1,RENKO R3.0N4mom_S20.0T40.0
25989,28.8,43.8,-48.0,-1.66,44783.0,-2.28,-143.0,13,1,RENKO R3.0N4mom_S30.0T60.0
41685,46.3,34.2,-145.0,-3.13,131093.0,-7.42,-329.6,13,0,RENKO R3.0N4rev_S10.0T20.0
35313,39.2,37.3,-116.3,-2.97,105153.0,-6.1,-258.0,13,0,RENKO R3.0N4rev_S15.0T30.0
30936,34.3,40.1,-99.1,-2.88,89880.0,-5.28,-248.6,13,0,RENKO R3.0N4rev_S20.0T40.0
26154,29.0,44.0,-88.0,-3.03,80894.0,-4.14,-252.2,13,1,RENKO R3.0N4rev_S30.0T60.0
150062,160.0,36.3,-475.6,-2.97,446585.0,-15.42,-809.7,13,0,RENKO R5.0N2mom_S10.0T20.0
113496,121.0,39.8,-325.4,-2.69,305652.0,-11.62,-527.0,13,0,RENKO R5.0N2mom_S15.0T30.0
97653,104.1,42.2,-242.1,-2.33,227414.0,-9.08,-367.7,13,0,RENKO R5.0N2mom_S20.0T40.0
85517,91.2,44.3,-218.5,-2.4,206022.0,-8.3,-383.9,13,0,RENKO R5.0N2mom_S30.0T60.0
149788,159.7,37.6,-421.7,-2.64,396004.0,-14.58,-710.4,13,0,RENKO R5.0N2rev_S10.0T20.0
113679,121.2,41.4,-277.2,-2.29,260769.0,-10.38,-487.7,13,0,RENKO R5.0N2rev_S15.0T30.0
97803,104.3,43.9,-222.7,-2.14,209019.0,-8.31,-387.7,13,0,RENKO R5.0N2rev_S20.0T40.0
85581,91.2,46.6,-150.1,-1.64,144051.0,-5.69,-287.6,13,0,RENKO R5.0N2rev_S30.0T60.0
60610,66.3,34.2,-212.9,-3.21,194713.0,-10.69,-429.5,13,0,RENKO R5.0N3mom_S10.0T20.0
49915,54.6,37.4,-162.3,-2.97,148511.0,-7.77,-349.2,13,0,RENKO R5.0N3mom_S15.0T30.0
43156,47.2,40.0,-132.3,-2.8,121328.0,-6.27,-277.0,13,0,RENKO R5.0N3mom_S20.0T40.0
36664,40.1,43.2,-110.1,-2.74,101798.0,-4.92,-289.5,13,0,RENKO R5.0N3mom_S30.0T60.0
60601,66.3,35.1,-194.9,-2.94,178240.0,-8.64,-382.7,13,0,RENKO R5.0N3rev_S10.0T20.0
49990,54.7,38.3,-160.5,-2.93,147518.0,-6.81,-344.6,13,0,RENKO R5.0N3rev_S15.0T30.0
43375,47.5,41.5,-125.5,-2.64,115508.0,-5.36,-274.6,13,0,RENKO R5.0N3rev_S20.0T40.0
36860,40.3,45.6,-91.1,-2.26,84652.0,-4.36,-209.0,13,1,RENKO R5.0N3rev_S30.0T60.0
11446,15.1,32.7,-53.4,-3.54,41042.0,-5.84,-122.1,13,2,RENKO R5.0N4mom_S10.0T20.0
10639,14.0,35.2,-47.2,-3.37,36451.0,-3.87,-130.6,13,3,RENKO R5.0N4mom_S15.0T30.0
9928,13.1,37.0,-48.5,-3.71,37216.0,-3.5,-137.7,13,3,RENKO R5.0N4mom_S20.0T40.0
8836,11.7,41.6,-28.2,-2.42,23097.0,-2.0,-88.3,13,3,RENKO R5.0N4mom_S30.0T60.0
11375,15.0,34.1,-40.5,-2.7,30770.0,-4.24,-91.7,13,0,RENKO R5.0N4rev_S10.0T20.0
10618,14.0,36.2,-35.6,-2.54,27787.0,-2.92,-72.7,13,1,RENKO R5.0N4rev_S15.0T30.0
9919,13.1,38.3,-31.5,-2.41,24224.0,-2.27,-68.7,13,3,RENKO R5.0N4rev_S20.0T40.0
8861,11.7,42.3,-30.3,-2.59,23640.0,-1.99,-86.4,13,2,RENKO R5.0N4rev_S30.0T60.0
113894,121.4,35.4,-382.8,-3.15,359983.0,-13.83,-662.7,13,0,RENKO R10.0N2mom_S10.0T20.0
87924,93.7,39.2,-251.0,-2.68,235678.0,-9.43,-413.4,13,0,RENKO R10.0N2mom_S15.0T30.0
75466,80.5,41.6,-212.6,-2.64,200127.0,-8.11,-369.4,13,0,RENKO R10.0N2mom_S20.0T40.0
65002,69.3,44.4,-153.1,-2.21,144740.0,-6.05,-279.8,13,0,RENKO R10.0N2mom_S30.0T60.0
113265,120.8,36.8,-328.0,-2.72,307750.0,-11.89,-526.3,13,0,RENKO R10.0N2rev_S10.0T20.0
88120,93.9,40.6,-234.1,-2.49,219627.0,-8.85,-413.7,13,0,RENKO R10.0N2rev_S15.0T30.0
75544,80.5,43.6,-166.2,-2.06,156375.0,-6.47,-333.0,13,0,RENKO R10.0N2rev_S20.0T40.0
65302,69.6,46.7,-107.0,-1.54,101717.0,-4.24,-222.6,13,0,RENKO R10.0N2rev_S30.0T60.0
14979,17.5,33.5,-56.8,-3.24,48669.0,-5.89,-138.1,13,1,RENKO R10.0N3mom_S10.0T20.0
14011,16.4,35.9,-48.4,-2.96,42044.0,-4.12,-149.7,13,0,RENKO R10.0N3mom_S15.0T30.0
13090,15.3,38.3,-41.0,-2.68,35991.0,-3.04,-166.4,13,1,RENKO R10.0N3mom_S20.0T40.0
11708,13.7,42.1,-25.9,-1.89,22987.0,-1.63,-110.6,13,0,RENKO R10.0N3mom_S30.0T60.0
14955,17.5,34.2,-50.8,-2.91,43519.0,-4.95,-148.2,13,0,RENKO R10.0N3rev_S10.0T20.0
13982,16.3,36.6,-48.5,-2.97,41962.0,-3.68,-127.5,13,2,RENKO R10.0N3rev_S15.0T30.0
13069,15.3,39.3,-41.6,-2.72,37066.0,-2.81,-143.5,13,1,RENKO R10.0N3rev_S20.0T40.0
11789,13.8,42.9,-44.2,-3.21,39581.0,-2.87,-148.3,13,3,RENKO R10.0N3rev_S30.0T60.0
1219,3.7,32.7,-12.2,-3.31,4293.0,-3.49,-24.0,12,3,RENKO R10.0N4mom_S10.0T20.0
1203,3.6,35.4,-8.2,-2.27,3458.0,-1.8,-31.9,12,3,RENKO R10.0N4mom_S15.0T30.0
1186,3.6,37.3,-6.0,-1.67,2402.0,-1.0,-38.1,12,3,RENKO R10.0N4mom_S20.0T40.0
1133,3.4,39.4,-3.3,-0.96,2755.0,-0.4,-44.5,12,5,RENKO R10.0N4mom_S30.0T60.0
1213,3.7,35.7,-5.1,-1.4,2265.0,-1.41,-19.1,12,2,RENKO R10.0N4rev_S10.0T20.0
1194,3.6,36.1,-8.5,-2.37,3525.0,-1.74,-20.8,12,2,RENKO R10.0N4rev_S15.0T30.0
1174,3.5,37.6,-8.2,-2.3,3486.0,-1.35,-25.9,12,3,RENKO R10.0N4rev_S20.0T40.0
1131,3.4,40.0,-11.0,-3.21,5468.0,-1.36,-24.5,12,2,RENKO R10.0N4rev_S30.0T60.0
