,0
2024-07-15,-125.5
2024-07-16,-111.0
2024-07-17,174.5
2024-07-18,195.0
2024-07-22,-225.5
2024-07-23,-349.5
2024-07-24,-126.0
2024-07-25,-328.0
2024-07-29,243.5
2024-07-30,-89.0
2024-07-31,-164.5
2024-08-01,-155.5
2024-08-05,-118.0
2024-08-06,-308.0
2024-08-07,172.5
2024-08-08,-302.5
2024-08-12,-557.5
2024-08-13,-70.5
2024-08-14,-71.5
2024-08-15,-37.0
2024-08-19,109.5
2024-08-20,93.0
2024-08-21,399.5
2024-08-22,217.5
2024-08-26,-169.5
2024-08-27,-148.0
2024-08-28,310.0
2024-08-29,500.0
2024-09-02,-8.5
2024-09-03,-357.0
2024-09-04,-19.5
2024-09-05,-69.0
2024-09-09,-512.5
2024-09-10,-132.5
2024-09-11,-365.0
2024-09-12,-94.0
2024-09-16,-208.0
2024-09-17,460.5
2024-09-18,504.0
2024-09-19,-336.5
2024-09-23,282.0
2024-09-24,-40.5
2024-09-25,44.0
2024-09-26,1.5
2024-09-30,-327.0
2024-10-01,-113.5
2024-10-02,-133.0
2024-10-03,-227.0
2024-10-07,112.0
2024-10-08,13.0
2024-10-09,-3.5
2024-10-10,42.5
2024-10-14,32.0
2024-10-15,-312.0
2024-10-16,69.0
2024-10-17,-609.0
2024-10-21,-340.0
2024-10-22,69.0
2024-10-23,19.5
2024-10-24,501.5
2024-10-28,154.5
2024-10-29,-11.0
2024-10-30,-8.5
2024-10-31,78.5
2024-11-04,-32.5
2024-11-05,-217.0
2024-11-06,99.5
2024-11-07,-176.0
2024-11-11,-77.5
2024-11-12,107.5
2024-11-13,74.5
2024-11-14,528.0
2024-11-18,72.5
2024-11-19,-39.0
2024-11-20,-346.0
2024-11-21,120.5
2024-11-25,113.5
2024-11-26,149.0
2024-11-27,45.5
2024-11-28,-37.0
2024-12-02,112.0
2024-12-03,-44.0
2024-12-04,-134.0
2024-12-05,-12.0
2024-12-09,-137.0
2024-12-10,64.0
2024-12-11,-225.5
2024-12-12,61.0
2024-12-16,-11.0
2024-12-17,-146.5
2024-12-18,116.0
2024-12-19,-84.0
2024-12-23,-112.5
2024-12-24,8.5
2024-12-26,283.5
2024-12-30,117.5
2024-12-31,434.5
2025-01-02,-448.5
2025-01-06,364.5
2025-01-07,233.0
2025-01-08,96.0
2025-01-09,1.0
2025-01-13,377.5
2025-01-14,209.5
2025-01-15,-98.5
2025-01-16,303.0
2025-01-20,97.5
2025-01-21,-2.0
2025-01-22,-68.5
2025-01-23,92.0
2025-01-27,660.0
2025-01-28,110.5
2025-01-29,43.5
2025-01-30,-436.5
2025-02-03,351.5
2025-02-04,94.5
2025-02-05,178.5
2025-02-06,147.0
2025-02-10,68.0
2025-02-11,-4.5
2025-02-12,-384.0
2025-02-13,97.0
2025-02-17,-56.5
2025-02-18,-298.0
2025-02-19,-177.5
2025-02-20,-207.5
2025-02-24,-82.5
2025-02-25,-572.0
2025-02-26,316.0
2025-02-27,-640.5
2025-03-03,-659.5
2025-03-04,51.5
2025-03-05,-395.5
2025-03-06,378.5
2025-03-10,19.5
2025-03-11,-477.5
2025-03-12,-876.5
2025-03-13,-1.0
2025-03-17,-81.5
2025-03-18,581.5
2025-03-19,-386.0
2025-03-20,270.5
2025-03-24,66.0
2025-03-25,-394.5
2025-03-26,-165.5
2025-03-27,164.0
2025-03-31,257.0
2025-04-01,-698.0
2025-04-02,1340.5
2025-04-03,21.5
2025-04-07,207.5
2025-04-08,-102.0
2025-04-09,-489.5
2025-04-10,-172.5
2025-04-14,-256.5
2025-04-15,61.5
2025-04-16,-165.0
2025-04-17,-24.5
2025-04-21,-241.0
2025-04-22,-505.5
2025-04-23,269.5
2025-04-24,163.5
2025-04-28,-236.0
2025-04-29,145.5
2025-04-30,-450.5
2025-05-01,-318.5
2025-05-05,1.5
2025-05-06,-245.5
2025-05-07,68.5
2025-05-08,-6.0
2025-05-12,209.0
2025-05-13,-132.0
2025-05-14,388.0
2025-05-15,-155.0
2025-05-19,265.0
2025-05-20,-175.0
2025-05-21,-280.0
2025-05-22,-62.5
2025-05-26,-124.5
2025-05-27,-57.5
2025-05-28,-154.0
2025-05-29,-139.0
2025-06-02,143.0
2025-06-03,-38.5
2025-06-04,-31.0
2025-06-05,189.5
2025-06-09,-112.5
2025-06-10,-11.0
2025-06-11,-563.0
2025-06-12,36.0
2025-06-16,8.0
2025-06-17,340.5
2025-06-18,699.0
2025-06-19,-14.0
2025-06-23,-433.5
2025-06-24,-81.5
2025-06-25,-7.0
2025-06-26,-68.0
2025-06-30,-142.5
2025-07-01,220.0
2025-07-02,-186.5
2025-07-03,-88.0
2025-07-07,105.5
2025-07-08,-4.0
2025-07-09,-192.0
2025-07-10,149.5
2025-07-14,-113.5
2025-07-15,-246.5
2025-07-16,363.0
2025-07-17,-52.0
2025-07-21,-197.5
2025-07-22,294.0
2025-07-23,73.0
2025-07-24,-15.0
2025-07-28,323.5
2025-07-29,-40.0
2025-07-30,-629.5
2025-07-31,-266.5
2025-08-04,-4.0
2025-08-05,-123.0
2025-08-06,-293.0
2025-08-07,-16.0
2025-08-11,80.0
2025-08-12,200.5
2025-08-13,8.5
2025-08-14,206.5
2025-08-18,4.5
2025-08-19,-351.5
2025-08-20,-278.0
2025-08-21,-191.0
2025-08-25,-154.5
2025-08-26,-21.0
2025-08-27,-11.5
2025-08-28,111.0
2025-09-01,-47.5
2025-09-02,-149.0
2025-09-03,-617.5
2025-09-04,-54.5
2025-09-08,123.5
2025-09-09,140.5
2025-09-10,-133.5
2025-09-11,13.0
2025-09-15,-38.5
2025-09-16,52.0
2025-09-17,493.5
2025-09-18,-306.0
2025-09-22,-98.5
2025-09-23,47.0
2025-09-24,-204.5
2025-09-25,-332.0
2025-09-29,58.5
2025-09-30,355.0
2025-10-01,-175.5
2025-10-02,313.5
2025-10-06,-41.5
2025-10-07,-254.0
2025-10-08,-183.0
2025-10-09,-391.0
2025-10-13,40.5
2025-10-14,-185.5
2025-10-15,-226.5
2025-10-16,-261.5
2025-10-20,14.5
2025-10-21,160.0
2025-10-22,-115.0
2025-10-23,214.0
2025-10-27,13.0
2025-10-28,-72.5
2025-10-29,52.0
2025-10-30,-134.0
2025-11-03,-230.0
2025-11-04,167.5
2025-11-05,14.5
2025-11-06,-419.5
2025-11-10,-357.5
2025-11-11,475.5
2025-11-12,-197.5
2025-11-13,240.5
2025-11-17,-535.0
2025-11-18,-346.5
2025-11-19,-131.5
2025-11-20,-243.5
2025-11-24,-70.5
2025-11-25,-110.5
2025-11-26,212.5
2025-11-27,67.5
2025-12-01,-225.0
2025-12-02,-76.5
2025-12-03,-482.5
2025-12-04,-292.0
2025-12-08,-217.5
2025-12-09,96.0
2025-12-10,133.0
2025-12-11,569.5
2025-12-15,-393.5
2025-12-16,-241.0
2025-12-17,123.5
2025-12-18,-536.5
2025-12-22,191.0
2025-12-23,35.0
2025-12-24,-107.0
2025-12-29,-86.5
2025-12-30,-206.5
2025-12-31,-115.5
2026-01-02,257.5
2026-01-05,-499.0
2026-01-06,578.0
2026-01-07,452.0
2026-01-08,-425.0
2026-01-09,161.5
2026-01-12,708.0
2026-01-13,-154.0
2026-01-14,579.0
2026-01-15,279.0
2026-01-16,-414.0
2026-01-19,239.0
2026-01-20,1195.0
2026-01-21,-92.0
2026-01-22,-4.0
2026-01-23,-37.0
2026-01-26,72.0
2026-01-27,-96.0
2026-01-28,509.0
2026-01-29,-1144.0
2026-01-30,364.0
2026-02-02,-810.0
2026-02-03,-1084.0
2026-02-04,918.0
2026-02-05,2687.0
2026-02-06,567.5
2026-02-09,167.0
2026-02-10,264.0
2026-02-11,-586.0
2026-02-12,-581.0
2026-02-13,897.5
2026-02-16,-210.0
2026-02-17,1117.0
2026-02-18,-527.0
2026-02-19,-160.0
2026-02-20,197.0
2026-02-23,126.0
2026-02-24,154.0
2026-02-25,87.0
2026-02-26,-1218.0
2026-02-27,-49.0
2026-03-02,320.0
2026-03-03,-536.0
2026-03-04,-691.0
2026-03-05,-514.0
2026-03-06,-74.5
2026-03-09,-239.0
2026-03-10,424.0
2026-03-11,230.0
2026-03-12,1966.0
2026-03-13,-112.5
2026-03-16,586.0
2026-03-17,614.0
2026-03-18,-136.0
2026-03-19,-520.0
2026-03-20,-164.5
2026-03-23,-350.0
2026-03-24,-86.0
2026-03-25,-497.0
2026-03-26,-522.0
2026-03-27,609.5
2026-03-30,496.0
2026-03-31,-581.0
2026-04-01,-582.0
2026-04-02,1121.0
2026-04-06,200.0
2026-04-07,-1887.0
2026-04-08,-1373.0
2026-04-09,61.0
2026-04-10,204.0
2026-04-13,329.0
2026-04-14,486.0
2026-04-15,-336.0
2026-04-16,167.0
2026-04-17,287.5
2026-04-20,-422.0
2026-04-21,-79.0
2026-04-22,-48.0
2026-04-23,1387.0
2026-04-24,363.0
2026-04-27,277.0
2026-04-28,-239.0
2026-04-29,346.0
2026-04-30,864.0
2026-05-01,-243.0
2026-05-04,-69.0
2026-05-05,937.0
2026-05-06,-255.0
2026-05-07,-331.0
2026-05-08,157.0
2026-05-11,1048.0
2026-05-12,120.0
2026-05-13,-500.0
2026-05-14,96.0
2026-05-15,696.5
2026-05-18,-41.0
2026-05-19,-757.0
2026-05-20,910.0
2026-05-21,424.0
2026-05-22,36.0
2026-05-25,-229.0
2026-05-26,-956.0
2026-05-27,1193.0
2026-05-28,-337.0
2026-05-29,228.5
2026-06-01,-62.0
2026-06-02,-428.0
2026-06-03,-329.0
2026-06-04,-146.0
2026-06-05,94.0
2026-06-08,-452.0
2026-06-09,-1481.0
2026-06-10,1152.0
2026-06-11,5258.0
2026-06-12,-264.0
2026-06-15,3.0
2026-06-16,-620.0
2026-06-17,-248.0
2026-06-29,147.5
2026-06-30,-217.5
2026-07-01,-13.0
2026-07-02,-750.0
2026-07-03,147.0
2026-07-07,-992.0
2026-07-08,-232.5
2026-07-09,631.5
2026-07-10,156.5
2026-07-13,70.5
2026-07-14,39.5
2026-07-15,-104.0
