dt,S,ngp2
2024-07-19,475.84999999999997,-7570407.977656685
2024-07-22,482.82,-1616156.075627831
2024-07-23,481.79,13753603.822585473
2024-07-24,464.86,-711427.3752189846
2024-07-25,458.89000000000004,-3049981.8122140057
2024-07-26,463.5,-5126612.360568953
2024-07-29,464.8,-3707600.7952779834
2024-07-30,455.11,-3893783.066370522
2024-07-31,472.42,8060962.218643126
2024-08-01,460.05,-3278293.7599444836
2024-08-02,448.97999999999996,2600180.3526175087
2024-08-05,439.37,-1716576.2866943497
2024-08-06,440.35,-5270663.445795652
2024-08-07,435.66,-11741662.913238516
2024-08-08,448.69,268626.4465349431
2024-08-09,451.23,-4885018.988611226
2024-08-12,451.72,1892303.8775190213
2024-08-13,463.25,-2350763.4004214965
2024-08-14,464.31,1708687.5635752545
2024-08-15,474.65,9518315.842535252
2024-08-16,475.52,-3074959.646358529
2024-08-19,481.56,3445769.706834308
2024-08-20,481.23,1079483.2054560378
2024-08-21,483.3,3979583.721253643
2024-08-22,476.32,-6305792.61262524
2024-08-23,480.53000000000003,3644524.2619368695
2024-08-26,475.51,-2034484.7265935126
2024-08-27,477.48,5150049.94864379
2024-08-28,472.01,2196337.9372164123
2024-08-29,472.23999999999995,-6339701.775996223
2024-08-30,476.93,-350379.267980725
2024-09-03,462.46999999999997,-8566274.167169722
2024-09-04,461.29,-4229195.24215977
2024-09-05,462.11,15888613.26084642
2024-09-06,448.76,-6927401.522459209
2024-09-09,454.98999999999995,18044063.946548093
2024-09-10,458.93,-7544214.391333406
2024-09-11,468.85999999999996,336926.8984447623
2024-09-12,473.07,3074524.248549475
2024-09-13,475.1,-12629843.929205239
2024-09-16,473.25,-2562254.2936366685
2024-09-17,473.69,790608.1464416995
2024-09-18,472.43,-1754512.239304127
2024-09-19,483.2,-127812.13654756363
2024-09-20,481.84000000000003,9469381.224254003
2024-09-23,483.47999999999996,2136338.4608381772
2024-09-24,485.92999999999995,-2159725.5973921763
2024-09-25,487.37,3168574.946673584
2024-09-26,490.38,6870139.684824727
2024-09-27,487.69,20245147.74042736
2024-09-30,488.15999999999997,-1844270.2900540552
2024-10-01,481.95,-5426244.183995838
2024-10-02,483.12,-6424941.456709934
2024-10-03,482.19,-7716155.455648899
2024-10-04,487.88,-2343478.603514131
2024-10-07,482.78999999999996,3222957.3114759517
2024-10-08,489.78999999999996,-2312299.14305315
2024-10-09,493.23,1246222.1991807765
2024-10-10,492.98,161227.31627851375
2024-10-11,493.38,1542809.1425385869
2024-10-14,498.2,4404241.152441315
2024-10-15,490.82,-9646494.794923
2024-10-16,491.37,5008160.037457148
2024-10-17,492.90000000000003,1303268.2867614091
2024-10-18,495.28000000000003,-3892487.241870444
2024-10-21,495.97999999999996,-5654311.278821173
2024-10-22,496.40000000000003,-608079.3994481222
2024-10-23,489.57,-5974484.9502804
2024-10-24,493.5,3681111.893024789
2024-10-25,495.46999999999997,-8197323.960772046
2024-10-28,496.36,-6691623.039240576
2024-10-29,501.84,6653504.041919767
2024-10-30,496.81,3405176.9792639147
2024-10-31,485.98,425790.5064038777
2024-11-01,488.84000000000003,-13180386.340987857
2024-11-04,486.8,-20541014.988965597
2024-11-05,493.24,8354528.488582456
2024-11-06,506.26,174841.70587776406
2024-11-07,514.51,6361769.634167885
2024-11-08,514.5,4709201.747188647
2024-11-11,514.48,3843178.7531643067
2024-11-12,513.62,13533712.40379473
2024-11-13,513.3,853433.5780736818
2024-11-14,508.76,-8405784.544208119
2024-11-15,497.44,-5265794.012326097
2024-11-18,501.04,-6198666.812662058
2024-11-19,504.37,-477507.0751031017
2024-11-20,504.04,5766019.996069119
2024-11-21,506.28000000000003,4944527.9327870915
2024-11-22,507.06,2627819.6454353705
2024-11-25,507.59999999999997,13686248.852397578
2024-11-26,510.26,1647078.7120988942
2024-11-27,505.91,-5632703.244129348
2024-11-29,510.3,9407.507081509755
2024-12-02,516.23,-558792.7517534124
2024-12-03,517.8299999999999,4140772.158735885
2024-12-04,523.8,433235.13249254855
2024-12-05,522.09,-1563259.9401259378
2024-12-06,526.82,-4612426.571226411
2024-12-09,522.7700000000001,-10912511.004828466
2024-12-10,521.3299999999999,-13363863.767245105
2024-12-11,530.0600000000001,-2229453.515309499
2024-12-12,526.36,1635024.796343671
2024-12-13,530.25,-6918032.583489031
2024-12-16,538.17,-9093785.3637029
2024-12-17,535.65,5131705.45923894
2024-12-18,514.85,-2769282.9968966087
2024-12-19,514.35,-9076268.338914396
2024-12-20,519.4,7803426.595215609
2024-12-23,523.7099999999999,1280193.0323393636
2024-12-24,530.56,4704519.311726993
2024-12-26,530.46,10379119.049278438
2024-12-27,523.6,5300381.334546197
2024-12-30,515.98,-4644671.899922645
2024-12-31,512.2,-12591039.914378185
2025-01-02,511.00000000000006,-10173523.447556598
2025-01-03,519.01,-1347476.871180523
2025-01-06,525.48,-4652198.522496323
2025-01-07,516.1899999999999,-17710551.0548705
2025-01-08,515.67,5816081.021463553
2025-01-10,507.62,-13130033.254041761
2025-01-13,506.45,-3818441.2346018916
2025-01-14,506.53999999999996,655371.502151457
2025-01-15,517.41,5087155.194746558
2025-01-16,513.1999999999999,-2381751.0729503334
2025-01-17,521.81,-10064620.033163276
2025-01-21,526.09,-319241.65796070854
2025-01-22,532.0699999999999,-2157351.3272744836
2025-01-23,532.72,-1648214.818784464
2025-01-24,530.12,-5492077.383810597
2025-01-27,515.26,-5376248.24989461
2025-01-28,522.76,-3332013.6404794534
2025-01-29,520.4200000000001,7408220.311303736
2025-01-30,524.3499999999999,8302969.384213037
2025-01-31,522.6,-6132596.616379439
2025-02-03,519.2399999999999,-4925222.637589467
2025-02-04,523.77,7182976.930165669
2025-02-05,527.45,2856263.1565103186
2025-02-06,528.7,9343504.5976086
2025-02-07,523.4599999999999,-10025686.779612541
2025-02-10,529.62,10376719.195241649
2025-02-11,528.53,-3192550.9303350393
2025-02-12,529.51,4136890.83485451
2025-02-13,535.83,979370.695820753
2025-02-14,538.9300000000001,1469823.2388810248
2025-02-18,539.45,11730151.98704405
2025-02-19,539.5300000000001,11636816.02104552
2025-02-20,537.5300000000001,9550399.42398718
2025-02-21,526.89,-14189272.17512759
2025-02-24,521.25,-12297026.687668066
2025-02-25,514.73,10879701.706573669
2025-02-26,515.53,-1061394.6706880261
2025-02-27,501.24,-17549215.80281056
2025-02-28,507.99,-563835.898497464
2025-03-03,498.47,-16082030.258169174
2025-03-04,498.12,-11925435.51819269
2025-03-05,502.02,-3141942.4602270173
2025-03-06,489.89000000000004,-7418035.269557095
2025-03-07,491.60999999999996,-1835609.92243393
2025-03-10,473.58000000000004,-12185086.58137453
2025-03-11,472.98,-2386597.874118832
2025-03-12,476.87,5824096.838615561
2025-03-13,470.07,-12291487.504170835
2025-03-14,478.83000000000004,6553942.3824291155
2025-03-17,482.93,-10373105.40450877
2025-03-18,475.18,-26323113.257294986
2025-03-19,481.15000000000003,2271853.0193343214
2025-03-20,479.81,-4757830.38992949
2025-03-21,480.61,-635954.7779468924
2025-03-24,491.25,-2364981.730627321
2025-03-25,494.27,177732.43044416193
2025-03-26,485.05,5517883.533563723
2025-03-27,482.88,-8596819.768127462
2025-03-28,468.98999999999995,-12932580.562765883
2025-03-31,468.62,-4427148.69502657
2025-04-01,473.04,-4298264.069994315
2025-04-02,478.52,1531066.8746316547
2025-04-03,451.35999999999996,-14936703.910469092
2025-04-04,423.07,-12058974.442617761
2025-04-07,427.34999999999997,-1299223.5852021652
2025-04-08,416.48,-6114088.622720071
2025-04-09,465.84,1960110.2554049743
2025-04-10,448.05,471308.35234320135
2025-04-11,454.68,11560038.914940588
2025-04-14,457.73,1879191.3739680254
2025-04-15,458.5,-5218443.112806083
2025-04-16,445.05,-10282635.88749412
2025-04-17,445.45,-12315520.445093833
2025-04-21,433.4,-4272429.939601859
2025-04-22,444.67,5981060.043958361
2025-04-23,455.24,-2027746.1852026433
2025-04-24,468.37,3701473.2386424206
2025-04-25,473.14,7402361.332960839
2025-04-28,472.32,-1294184.962917844
2025-04-29,475.83000000000004,21535240.451438226
2025-04-30,478.52,5987862.147854089
2025-05-01,479.85,-1106353.2997032264
2025-05-02,489.59,16504425.292809326
2025-05-05,486.25,-2270046.849174759
2025-05-06,482.08,-8613760.306897625
2025-05-07,484.02,10576487.096782288
2025-05-08,489.18,781930.4951338399
2025-05-09,488.26,-9623149.68192162
2025-05-12,508.19,1365614.143503214
2025-05-13,515.6,2236288.648506927
2025-05-14,519.3000000000001,4196747.100394391
2025-05-15,519.79,-4467839.250828661
2025-05-16,521.74,14927249.776533408
2025-05-19,521.7199999999999,13201331.445397977
2025-05-20,520.2099999999999,-1837538.054042146
2025-05-21,514.0999999999999,-6339948.152502887
2025-05-22,514.98,-6887543.446835706
2025-05-23,509.69,2723654.2019261234
2025-05-27,521.62,510086.956892183
2025-05-28,519.87,3503175.917956676
2025-05-29,520.0400000000001,-4830008.450001951
2025-05-30,520.0699999999999,-2975596.1315943655
2025-06-02,524.1,631427.1529295192
2025-06-03,527.13,7920697.585268395
2025-06-04,529.63,13483434.006008476
2025-06-05,525.98,-587450.0413842329
2025-06-06,530.5,-1126847.92691955
2025-06-09,530.94,-4211417.742074693
2025-06-10,534.31,3212743.958228154
2025-06-11,532.65,1343933.2172627167
2025-06-12,533.95,-4493379.307630723
2025-06-13,527.48,-11657570.793838855
2025-06-16,534.3000000000001,-11088550.747831577
2025-06-17,529.24,-2418842.5307530076
2025-06-18,529.41,-10501879.216345767
2025-06-20,527.12,-2276103.250234442
2025-06-23,532.0600000000001,-6353268.056870857
2025-06-24,540.4499999999999,-3501736.101358373
2025-06-25,541.5799999999999,1974713.4632162526
2025-06-26,546.65,2784700.3549441937
2025-06-27,548.54,2936733.479870987
2025-06-30,552.1800000000001,1441343.054946236
2025-07-01,547.7199999999999,23960909.98080597
2025-07-02,551.35,-138865.7958046378
2025-07-03,556.64,6641059.841711608
2025-07-07,551.97,-7519725.830893619
2025-07-08,552.9300000000001,-8679700.415617712
2025-07-09,556.8,-3025274.252245443
2025-07-10,556.14,794132.6804075586
2025-07-11,554.73,-8418791.858117031
2025-07-14,556.51,-5991361.566225704
2025-07-15,557.51,8034533.59496461
2025-07-16,557.9,-4052106.21547746
2025-07-17,562.4300000000001,-1331421.501228922
2025-07-18,561.7,-14115491.524332058
2025-07-21,564.96,-11086173.506930184
2025-07-22,561.49,2796191.0116669685
2025-07-23,565.66,8366069.797392706
2025-07-24,565.9200000000001,-4059140.737955941
2025-07-25,567.1,-6628036.054734494
2025-07-28,568.66,18538279.709855247
2025-07-29,567.9,-9472889.853987554
2025-07-30,572.9799999999999,6308507.12359342
2025-07-31,565.91,4121759.4230543757
2025-08-01,554.81,-15676042.455215326
2025-08-04,565.31,-2512108.786900555
2025-08-05,561.12,21249069.710189804
2025-08-06,567.5799999999999,7922127.937900028
2025-08-07,570.1899999999999,-3757571.583466769
2025-08-08,575.74,7365808.787311026
2025-08-11,573.0,-9179171.474262418
2025-08-12,580.52,758292.41332412
2025-08-13,580.84,-5290989.57615937
2025-08-14,579.9599999999999,-1319338.6495225837
2025-08-15,577.86,-11956802.138481053
2025-08-18,577.93,-5026357.635891909
2025-08-19,570.17,-7417164.477189887
2025-08-20,566.53,2501183.110584949
2025-08-21,563.69,-16517482.377799287
2025-08-22,572.7800000000001,-8804268.316943064
2025-08-25,572.16,-821978.4462943337
2025-08-26,573.7099999999999,-3250800.452763511
2025-08-27,574.39,5606652.923649237
2025-08-28,578.23,1783303.298115259
2025-08-29,570.49,-12586457.241942124
2025-09-02,567.4499999999999,2585195.46820529
2025-09-03,570.46,-2782901.7608401733
2025-09-04,576.12,4266693.207921422
2025-09-05,576.0999999999999,-3245373.9558013906
2025-09-08,579.21,-9822526.187180605
2025-09-09,580.92,-6746811.910764656
2025-09-10,581.12,-9216495.003613101
2025-09-11,584.73,-8210716.925644551
2025-09-12,586.88,23940255.827023447
2025-09-15,591.3000000000001,-12094076.501426399
2025-09-16,591.4599999999999,-933461.2274534446
2025-09-17,590.77,8029065.345367568
2025-09-18,595.71,-5948205.4411685215
2025-09-19,599.56,45281765.03254259
2025-09-22,602.92,-7862147.631738174
2025-09-23,598.77,-16631719.020244202
2025-09-24,596.73,-19716429.8203608
2025-09-25,594.18,-9603714.596306104
2025-09-26,596.57,1080258.5676003962
2025-09-29,599.1999999999999,-3765101.7277233955
2025-09-30,600.24,-3268592.2065466596
2025-10-01,603.56,-608056.0411346174
2025-10-02,606.5799999999999,3632731.4275624175
2025-10-03,603.65,-10296814.68912525
2025-10-06,608.4,-1376786.559686483
2025-10-07,605.4200000000001,-8426247.295067359
2025-10-08,611.92,-5708821.109349838
2025-10-09,611.1099999999999,-6586776.79678601
2025-10-10,591.4599999999999,-15326453.910029246
2025-10-13,602.51,-4472680.413439807
2025-10-14,598.21,-8682271.16686869
2025-10-15,602.91,11580337.53444179
2025-10-16,599.57,-3234340.138752686
2025-10-17,604.83,-12583428.755801577
2025-10-20,612.44,-9216795.220300404
2025-10-21,611.37,-3434816.3459749036
2025-10-22,606.1099999999999,-14842669.928866507
2025-10-23,611.61,1892073.180189835
2025-10-24,617.92,-9280472.14735207
2025-10-27,628.76,2404529.279901382
2025-10-28,633.63,-7739806.041021193
2025-10-29,635.12,6191167.662609658
2025-10-30,629.36,-747001.9115262791
2025-10-31,629.97,-9560382.54993628
2025-11-03,632.97,26642298.572105467
2025-11-04,619.99,-2454054.446283714
2025-11-05,624.71,-3135581.8951155255
2025-11-06,613.63,-13064001.466859026
2025-11-07,610.68,-7612178.281240341
2025-11-10,624.1,-3529267.6565178162
2025-11-11,622.6500000000001,-7713996.901925235
2025-11-12,621.95,-1814979.4812515944
2025-11-13,610.02,1639369.4640579703
2025-11-14,610.0699999999999,-17685146.820588805
2025-11-17,604.6,-18947171.395062666
2025-11-18,596.73,-13674027.194643099
2025-11-19,600.4200000000001,28304.28349700128
2025-11-20,587.12,-13904459.149171809
2025-11-21,590.63,-27334130.308855213
2025-11-24,606.42,-2121817.572213275
2025-11-25,609.54,4479888.158400065
2025-11-26,615.77,-5342426.17967157
2025-11-28,619.4699999999999,10573878.030559937
2025-12-01,617.4699999999999,2400609.841673436
2025-12-02,623.04,-2234448.5929313665
2025-12-03,624.27,4384421.28472998
2025-12-04,623.39,-388130.6713831507
2025-12-05,626.07,-11374458.61124335
2025-12-08,624.42,-745207.4281898049
2025-12-09,625.31,-4565161.697231987
2025-12-10,627.8499999999999,20978968.838218372
2025-12-11,626.4399999999999,9834777.123594688
2025-12-12,613.8299999999999,1462928.0499506088
2025-12-15,610.8399999999999,-15398898.966558866
2025-12-16,611.59,9941447.976453159
2025-12-17,601.89,308931.9564142447
2025-12-18,608.72,-18561672.75839763
2025-12-19,616.89,29586113.83131348
2025-12-22,619.97,-7558796.126700485
2025-12-23,622.77,-2674423.06160505
2025-12-24,624.4699999999999,4176341.1036862996
2025-12-26,624.5600000000001,13324142.501874244
2025-12-29,621.51,2129776.3926604874
2025-12-30,620.4399999999999,7298731.166721343
2025-12-31,615.0999999999999,-6639526.493053576
2026-01-02,613.75,10085252.25096794
2026-01-05,618.35,875319.896684351
2026-01-06,624.0899999999999,1163537.7434390294
2026-01-07,624.7900000000001,-6191058.2316416465
2026-01-08,621.1700000000001,-5315917.788518207
2026-01-09,627.48,1410750.021477377
2026-01-12,627.75,-14229879.928248875
2026-01-13,626.6,2190629.936318153
2026-01-14,619.96,-7390781.852289394
2026-01-15,621.9899999999999,-9556423.416732678
2026-01-16,621.85,-15727115.299630448
2026-01-20,608.8399999999999,-9406755.27158184
2026-01-21,617.56,1342426.13229597
2026-01-22,621.32,598180.1475268635
2026-01-23,622.79,-17868044.9281194
2026-01-26,626.18,-21455342.661702868
2026-01-27,631.63,-23075376.321257345
2026-01-28,633.9499999999999,3903154.5190616804
2026-01-29,629.77,5419436.57168744
2026-01-30,621.6999999999999,-6906367.183471001
2026-02-02,627.3100000000001,-9210928.195055883
2026-02-03,616.5600000000001,-2637130.4108672957
2026-02-04,607.2099999999999,-8704343.160345778
2026-02-05,596.76,-17046436.059204943
2026-02-06,609.73,14592954.244252928
2026-02-09,615.54,-2788405.206062219
2026-02-10,612.4699999999999,-12620050.882573437
2026-02-11,614.0600000000001,-7434215.736467887
2026-02-12,601.9399999999999,-14310999.774851091
2026-02-13,602.02,-22024860.047057252
2026-02-17,601.7099999999999,-270823.3631141515
2026-02-18,606.0400000000001,-19694018.611981273
2026-02-19,603.9,-21008262.513697267
2026-02-20,609.1899999999999,-13805248.402629983
2026-02-23,601.8100000000001,9306995.445537955
2026-02-24,608.37,-7003667.805110494
2026-02-25,617.17,5525288.108623786
2026-02-26,609.5600000000001,523536.80786945694
2026-02-27,607.53,-5238506.794522013
2026-03-02,608.19,-12661565.755280456
2026-03-03,602.02,-11727912.186566334
2026-03-04,611.65,8101704.748480559
2026-03-05,609.23,-3965483.1448431853
2026-03-06,600.06,-8698707.403610464
2026-03-09,607.27,2460093.021400563
2026-03-10,608.8199999999999,1380603.7212594359
2026-03-11,607.72,6481197.8041596655
2026-03-12,597.8299999999999,-14608195.289345274
2026-03-13,593.1,-28993140.449688993
2026-03-16,600.6899999999999,-9574443.682940902
2026-03-17,603.79,-11533587.871390127
2026-03-18,595.18,-17991110.00716832
2026-03-19,593.7600000000001,-13037075.548367267
2026-03-20,582.56,-15682932.302647514
2026-03-23,588.84,-4064592.4762490992
2026-03-24,584.89,-20770986.253498364
2026-03-25,588.37,-8504325.565168167
2026-03-26,576.18,-3280747.161044355
2026-03-27,562.99,-7586049.742544078
2026-03-30,558.51,-14230155.993868416
2026-03-31,577.71,-1029130.1041090989
2026-04-01,585.0699999999999,-19189477.595271107
2026-04-02,585.1899999999999,-11544996.178037608
2026-04-06,588.53,-5596309.904465021
2026-04-07,589.4,4420262.84053587
2026-04-08,605.82,2603826.2080772426
2026-04-09,610.25,-8010731.00749344
2026-04-10,611.72,13693559.001834948
2026-04-13,617.87,7509549.3586957
2026-04-14,628.57,-104442.5510479916
2026-04-15,638.02,1321568.2676572555
2026-04-16,640.22,355616.1524405229
2026-04-17,649.19,-5814517.80385324
2026-04-20,647.22,-6331275.69584068
2026-04-21,647.13,3682209.0120855398
2026-04-22,656.32,435285.2979005888
2026-04-23,652.61,3801082.40223054
2026-04-24,663.7099999999999,8520724.043330489
2026-04-27,664.48,5549220.279166709
2026-04-28,658.53,6401647.180108139
2026-04-29,659.5,9481177.580832561
2026-04-30,668.4599999999999,11653434.71266404
2026-05-01,674.52,19128005.955777854
2026-05-04,672.7,12066706.292974046
2026-05-05,682.54,109913.42622087493
2026-05-06,697.56,3631344.4842223646
2026-05-07,696.28,-5790932.213556642
2026-05-08,711.6099999999999,2532286.671059933
2026-05-11,712.7800000000001,25165543.32803312
2026-05-12,706.54,4271658.481472256
2026-05-13,715.72,10635692.77966399
2026-05-14,721.1700000000001,-185866.85039365228
2026-05-15,707.52,-11420658.899057861
2026-05-18,705.5699999999999,-212893.15978252148
2026-05-19,702.0,-12336523.104083264
2026-05-20,713.1,7393620.017173847
2026-05-21,715.3599999999999,3790986.397140815
2026-05-22,718.63,-5269542.2023717
2026-05-26,730.52,4166351.307372335
2026-05-27,730.55,8467044.57373952
2026-05-28,736.5500000000001,7079792.794820909
2026-05-29,739.0,-2278573.604123645
2026-06-01,743.85,-887721.253787136
2026-06-02,747.1600000000001,-2115402.3390919156
2026-06-03,745.13,24159242.45306446
2026-06-04,740.6999999999999,-8071214.754492159
2026-06-05,701.89,-12756989.860782266
2026-06-08,716.88,-13716303.95624167
2026-06-09,708.12,5939614.961351265
2026-06-10,694.13,-12717975.210984912
2026-06-11,718.0,6611125.356488021
2026-06-12,722.83,13243391.127177425
2026-06-15,743.73,-31273456.499816682
2026-06-16,730.41,-17827187.19375884
2026-06-17,723.77,-10988613.252202688
2026-06-18,740.53,-4320400.960254211
2026-06-22,738.46,-6025445.44068559
2026-06-23,715.88,7256105.330977853
2026-06-24,719.24,5795601.310351354
2026-06-25,718.72,-4593808.194489037
2026-06-26,707.5699999999999,-17507086.660506807
2026-06-29,724.45,1289785.9286126497
2026-06-30,736.74,25422142.98714529
2026-07-01,725.43,-10343899.015322492
2026-07-02,713.1999999999999,7817999.855213882
2026-07-06,723.49,-799417.5152942615
2026-07-07,710.54,-10854590.282704689
2026-07-08,711.12,-6168803.088456771
2026-07-09,724.0100000000001,-12931484.010641688
2026-07-10,726.34,-7209397.178404239
2026-07-13,712.3499999999999,-12493452.218552247
2026-07-14,720.37,-2690723.522812988
2026-07-15,718.5400000000001,2473452.664337998
2026-07-16,705.55,-19006703.08586903
2026-07-17,695.27,-33141473.852506563
