name,family,tf,session,trades,trades_wk,sel_usd_wk,blind_usd_wk,sel_total,blind_total,win_pct
SMEAN_d10_1min_time30h0_all,SMEAN,1min,all,29351,188.0,-533.1,-825.3,-42652.0,-62844.0,47.0
SMEAN_d10_1min_time30h0_rth,SMEAN,1min,rth,10555,67.6,-193.9,-385.9,-15515.0,-29382.0,47.8
SMEAN_d10_1min_time30h15_all,SMEAN,1min,all,49799,318.9,-852.2,-1267.9,-68175.0,-96539.0,30.7
SMEAN_d10_1min_time30h15_rth,SMEAN,1min,rth,22947,147.0,-493.6,-610.5,-39490.0,-46486.0,24.2
SMEAN_d10_1min_time60h0_all,SMEAN,1min,all,15709,100.6,-402.3,-591.3,-32181.0,-45021.0,48.2
SMEAN_d10_1min_time60h0_rth,SMEAN,1min,rth,5974,38.3,-159.1,-225.7,-12726.0,-17182.0,48.5
SMEAN_d10_1min_time60h15_all,SMEAN,1min,all,34163,218.8,-603.5,-842.6,-48279.0,-64157.0,24.9
SMEAN_d10_1min_time60h15_rth,SMEAN,1min,rth,16507,105.7,-404.7,-384.9,-32374.0,-29306.0,18.4
SMEAN_d10_1min_time120h0_all,SMEAN,1min,all,8232,52.7,-198.5,-258.7,-15880.0,-19699.0,48.6
SMEAN_d10_1min_time120h0_rth,SMEAN,1min,rth,3044,19.5,-58.1,-136.3,-4646.0,-10380.0,49.1
SMEAN_d10_1min_time120h15_all,SMEAN,1min,all,23782,152.3,-418.5,-613.6,-33481.0,-46722.0,18.8
SMEAN_d10_1min_time120h15_rth,SMEAN,1min,rth,12244,78.4,-286.6,-345.8,-22928.0,-26332.0,13.5
SMEAN_d10_1min_trail2.5h0_all,SMEAN,1min,all,64881,415.5,-1878.3,-2616.7,-150260.0,-199246.0,31.4
SMEAN_d10_1min_trail2.5h0_rth,SMEAN,1min,rth,22113,141.6,-870.2,-1105.7,-69616.0,-84192.0,32.8
SMEAN_d10_1min_trail2.5h15_all,SMEAN,1min,all,75175,481.5,-2102.1,-3114.7,-168171.0,-237165.0,27.6
SMEAN_d10_1min_trail2.5h15_rth,SMEAN,1min,rth,29689,190.1,-1001.5,-1328.8,-80117.0,-101179.0,25.3
SMEAN_d10_1min_trail4.0h0_all,SMEAN,1min,all,28940,185.3,-786.6,-1310.1,-62926.0,-99753.0,33.7
SMEAN_d10_1min_trail4.0h0_rth,SMEAN,1min,rth,9778,62.6,-384.5,-610.7,-30757.0,-46504.0,34.1
SMEAN_d10_1min_trail4.0h15_all,SMEAN,1min,all,41351,264.8,-943.4,-1726.5,-75469.0,-131463.0,25.0
SMEAN_d10_1min_trail4.0h15_rth,SMEAN,1min,rth,18132,116.1,-481.3,-854.7,-38504.0,-65078.0,20.1
SMEAN_d18_1min_time30h0_all,SMEAN,1min,all,25227,161.6,-453.2,-733.1,-36252.0,-55818.0,47.6
SMEAN_d18_1min_time30h0_rth,SMEAN,1min,rth,10254,65.7,-194.6,-330.1,-15568.0,-25133.0,48.0
SMEAN_d18_1min_time30h15_all,SMEAN,1min,all,44769,286.7,-659.3,-1229.4,-52744.0,-93612.0,29.7
SMEAN_d18_1min_time30h15_rth,SMEAN,1min,rth,22335,143.0,-421.0,-552.5,-33682.0,-42068.0,24.2
SMEAN_d18_1min_time60h0_all,SMEAN,1min,all,13776,88.2,-325.4,-608.0,-26030.0,-46292.0,48.1
SMEAN_d18_1min_time60h0_rth,SMEAN,1min,rth,5778,37.0,-219.0,-219.1,-17521.0,-16684.0,48.0
SMEAN_d18_1min_time60h15_all,SMEAN,1min,all,31512,201.8,-511.0,-794.4,-40881.0,-60489.0,23.8
SMEAN_d18_1min_time60h15_rth,SMEAN,1min,rth,16277,104.2,-404.2,-392.8,-32336.0,-29912.0,18.1
SMEAN_d18_1min_time120h0_all,SMEAN,1min,all,7433,47.6,-190.6,-374.2,-15248.0,-28491.0,48.6
SMEAN_d18_1min_time120h0_rth,SMEAN,1min,rth,3025,19.4,-95.1,-99.7,-7608.0,-7592.0,49.1
SMEAN_d18_1min_time120h15_all,SMEAN,1min,all,22563,144.5,-412.4,-576.6,-32988.0,-43904.0,17.8
SMEAN_d18_1min_time120h15_rth,SMEAN,1min,rth,12119,77.6,-272.8,-346.0,-21826.0,-26347.0,13.4
SMEAN_d18_1min_trail2.5h0_all,SMEAN,1min,all,54919,351.7,-1553.8,-2341.7,-124301.0,-178300.0,32.0
SMEAN_d18_1min_trail2.5h0_rth,SMEAN,1min,rth,21297,136.4,-814.9,-1059.7,-65189.0,-80687.0,33.0
SMEAN_d18_1min_trail2.5h15_all,SMEAN,1min,all,64956,416.0,-1757.6,-2781.0,-140607.0,-211752.0,27.6
SMEAN_d18_1min_trail2.5h15_rth,SMEAN,1min,rth,28736,184.0,-941.7,-1248.6,-75335.0,-95073.0,25.4
SMEAN_d18_1min_trail4.0h0_all,SMEAN,1min,all,25231,161.6,-655.4,-1250.2,-52431.0,-95191.0,34.1
SMEAN_d18_1min_trail4.0h0_rth,SMEAN,1min,rth,9520,61.0,-329.8,-593.6,-26387.0,-45202.0,34.4
SMEAN_d18_1min_trail4.0h15_all,SMEAN,1min,all,37438,239.8,-771.0,-1659.7,-61677.0,-126374.0,24.6
SMEAN_d18_1min_trail4.0h15_rth,SMEAN,1min,rth,17773,113.8,-422.0,-836.8,-33762.0,-63714.0,20.2
SMEAN_d28_1min_time30h0_all,SMEAN,1min,all,21060,134.9,-316.1,-701.4,-25288.0,-53405.0,48.1
SMEAN_d28_1min_time30h0_rth,SMEAN,1min,rth,9667,61.9,-208.9,-297.9,-16708.0,-22685.0,47.8
SMEAN_d28_1min_time30h15_all,SMEAN,1min,all,39145,250.7,-529.3,-1068.3,-42345.0,-81344.0,28.4
SMEAN_d28_1min_time30h15_rth,SMEAN,1min,rth,21311,136.5,-387.3,-574.1,-30982.0,-43716.0,23.7
SMEAN_d28_1min_time60h0_all,SMEAN,1min,all,11709,75.0,-206.7,-587.6,-16538.0,-44739.0,48.6
SMEAN_d28_1min_time60h0_rth,SMEAN,1min,rth,5473,35.1,-190.3,-243.1,-15220.0,-18508.0,47.6
SMEAN_d28_1min_time60h15_all,SMEAN,1min,all,28311,181.3,-425.4,-709.2,-34032.0,-54000.0,22.4
SMEAN_d28_1min_time60h15_rth,SMEAN,1min,rth,15727,100.7,-349.5,-352.6,-27957.0,-26845.0,17.9
SMEAN_d28_1min_time120h0_all,SMEAN,1min,all,6487,41.5,-187.7,-242.2,-15015.0,-18443.0,49.2
SMEAN_d28_1min_time120h0_rth,SMEAN,1min,rth,2945,18.9,-98.1,-170.1,-7846.0,-12951.0,49.1
SMEAN_d28_1min_time120h15_all,SMEAN,1min,all,20796,133.2,-322.1,-522.5,-25771.0,-39783.0,16.9
SMEAN_d28_1min_time120h15_rth,SMEAN,1min,rth,11913,76.3,-276.9,-384.9,-22156.0,-29308.0,13.2
SMEAN_d28_1min_trail2.5h0_all,SMEAN,1min,all,45378,290.6,-1251.0,-2118.1,-100078.0,-161275.0,32.5
SMEAN_d28_1min_trail2.5h0_rth,SMEAN,1min,rth,20014,128.2,-743.8,-1078.7,-59504.0,-82133.0,33.0
SMEAN_d28_1min_trail2.5h15_all,SMEAN,1min,all,55058,352.6,-1427.1,-2482.5,-114170.0,-189028.0,27.4
SMEAN_d28_1min_trail2.5h15_rth,SMEAN,1min,rth,27256,174.6,-872.9,-1223.0,-69831.0,-93120.0,25.1
SMEAN_d28_1min_trail4.0h0_all,SMEAN,1min,all,21271,136.2,-540.5,-1210.0,-43242.0,-92136.0,34.3
SMEAN_d28_1min_trail4.0h0_rth,SMEAN,1min,rth,9114,58.4,-315.8,-603.1,-25260.0,-45924.0,34.3
SMEAN_d28_1min_trail4.0h15_all,SMEAN,1min,all,33061,211.7,-637.8,-1568.6,-51021.0,-119440.0,23.8
SMEAN_d28_1min_trail4.0h15_rth,SMEAN,1min,rth,17185,110.1,-390.0,-835.3,-31204.0,-63604.0,20.1
ODRIVE30_1min_time30h0_all,ODRIVE30,1min,all,10102,64.7,-67.4,100.1,-5394.0,7621.0,49.4
ODRIVE30_1min_time30h0_rth,ODRIVE30,1min,rth,8053,51.6,-28.7,17.7,-2295.0,1351.0,49.9
ODRIVE30_1min_time30h15_all,ODRIVE30,1min,all,17886,114.5,-191.8,-216.0,-15342.0,-16446.0,27.7
ODRIVE30_1min_time30h15_rth,ODRIVE30,1min,rth,15246,97.6,-195.1,-274.9,-15609.0,-20931.0,25.6
ODRIVE30_1min_time60h0_all,ODRIVE30,1min,all,5589,35.8,33.1,69.0,2645.0,5250.0,49.5
ODRIVE30_1min_time60h0_rth,ODRIVE30,1min,rth,4525,29.0,50.1,-5.7,4010.0,-433.0,50.0
ODRIVE30_1min_time60h15_all,ODRIVE30,1min,all,12466,79.8,-89.4,-80.3,-7149.0,-6113.0,21.7
ODRIVE30_1min_time60h15_rth,ODRIVE30,1min,rth,10831,69.4,-93.7,-167.1,-7496.0,-12725.0,19.7
ODRIVE30_1min_time120h0_all,ODRIVE30,1min,all,3176,20.3,139.2,137.7,11139.0,10482.0,49.9
ODRIVE30_1min_time120h0_rth,ODRIVE30,1min,rth,2649,17.0,154.4,110.5,12351.0,8415.0,50.7
ODRIVE30_1min_time120h15_all,ODRIVE30,1min,all,8976,57.5,-51.8,-32.9,-4145.0,-2506.0,16.2
ODRIVE30_1min_time120h15_rth,ODRIVE30,1min,rth,8014,51.3,-46.7,-99.9,-3732.0,-7604.0,14.7
ODRIVE30_1min_trail2.5h0_all,ODRIVE30,1min,all,19156,122.7,-463.0,-527.7,-37039.0,-40177.0,34.0
ODRIVE30_1min_trail2.5h0_rth,ODRIVE30,1min,rth,14477,92.7,-383.8,-470.2,-30703.0,-35801.0,34.4
ODRIVE30_1min_trail2.5h15_all,ODRIVE30,1min,all,24034,153.9,-573.4,-736.4,-45872.0,-56068.0,27.4
ODRIVE30_1min_trail2.5h15_rth,ODRIVE30,1min,rth,19072,122.1,-491.7,-656.2,-39338.0,-49964.0,26.4
ODRIVE30_1min_trail4.0h0_all,ODRIVE30,1min,all,8683,55.6,-152.4,-96.3,-12190.0,-7332.0,35.9
ODRIVE30_1min_trail4.0h0_rth,ODRIVE30,1min,rth,6572,42.1,-131.5,-145.4,-10521.0,-11069.0,36.2
ODRIVE30_1min_trail4.0h15_all,ODRIVE30,1min,all,13988,89.6,-197.2,-292.9,-15777.0,-22305.0,23.3
ODRIVE30_1min_trail4.0h15_rth,ODRIVE30,1min,rth,11545,73.9,-187.4,-329.0,-14992.0,-25050.0,21.5
GAPF_g20_1min_time30h0_all,GAPF,1min,all,737,4.7,184.5,244.3,14760.0,18602.0,63.2
GAPF_g20_1min_time30h0_rth,GAPF,1min,rth,737,4.7,184.5,244.3,14760.0,18602.0,63.2
GAPF_g20_1min_time30h15_all,GAPF,1min,all,1533,9.8,131.1,70.1,10490.0,5339.0,25.4
GAPF_g20_1min_time30h15_rth,GAPF,1min,rth,1533,9.8,131.1,70.1,10490.0,5339.0,25.4
GAPF_g20_1min_time60h0_all,GAPF,1min,all,737,4.7,328.7,380.1,26293.0,28945.0,68.9
GAPF_g20_1min_time60h0_rth,GAPF,1min,rth,737,4.7,328.7,380.1,26293.0,28945.0,68.9
GAPF_g20_1min_time60h15_all,GAPF,1min,all,1533,9.8,181.0,107.9,14483.0,8216.0,21.2
GAPF_g20_1min_time60h15_rth,GAPF,1min,rth,1533,9.8,181.0,107.9,14483.0,8216.0,21.2
GAPF_g20_1min_time120h0_all,GAPF,1min,all,737,4.7,593.6,834.2,47489.0,63520.0,76.7
GAPF_g20_1min_time120h0_rth,GAPF,1min,rth,737,4.7,593.6,834.2,47489.0,63520.0,76.7
GAPF_g20_1min_time120h15_all,GAPF,1min,all,1533,9.8,283.6,148.8,22691.0,11333.0,17.2
GAPF_g20_1min_time120h15_rth,GAPF,1min,rth,1533,9.8,283.6,148.8,22691.0,11333.0,17.2
GAPF_g20_1min_trail2.5h0_all,GAPF,1min,all,1696,10.9,-4.2,-40.3,-334.0,-3072.0,33.0
GAPF_g20_1min_trail2.5h0_rth,GAPF,1min,rth,1696,10.9,-4.2,-40.3,-334.0,-3072.0,33.0
GAPF_g20_1min_trail2.5h15_all,GAPF,1min,all,2064,13.2,-17.6,-67.3,-1407.0,-5128.0,25.9
GAPF_g20_1min_trail2.5h15_rth,GAPF,1min,rth,2064,13.2,-17.6,-67.3,-1407.0,-5128.0,25.9
GAPF_g20_1min_trail4.0h0_all,GAPF,1min,all,969,6.2,229.9,207.5,18389.0,15799.0,45.0
GAPF_g20_1min_trail4.0h0_rth,GAPF,1min,rth,969,6.2,229.9,207.5,18389.0,15799.0,45.0
GAPF_g20_1min_trail4.0h15_all,GAPF,1min,all,1589,10.2,164.6,44.8,13167.0,3413.0,24.0
GAPF_g20_1min_trail4.0h15_rth,GAPF,1min,rth,1589,10.2,164.6,44.8,13167.0,3413.0,24.0
GAPC_g20_1min_time30h0_all,GAPC,1min,all,737,4.7,-207.7,-267.5,-16619.0,-20368.0,35.5
GAPC_g20_1min_time30h0_rth,GAPC,1min,rth,737,4.7,-207.7,-267.5,-16619.0,-20368.0,35.5
GAPC_g20_1min_time30h15_all,GAPC,1min,all,1666,10.7,-161.3,-169.7,-12906.0,-12924.0,14.0
GAPC_g20_1min_time30h15_rth,GAPC,1min,rth,1666,10.7,-161.3,-169.7,-12906.0,-12924.0,14.0
GAPC_g20_1min_time60h0_all,GAPC,1min,all,737,4.7,-351.9,-403.3,-28153.0,-30711.0,29.7
GAPC_g20_1min_time60h0_rth,GAPC,1min,rth,737,4.7,-351.9,-403.3,-28153.0,-30711.0,29.7
GAPC_g20_1min_time60h15_all,GAPC,1min,all,1666,10.7,-218.2,-209.5,-17459.0,-15954.0,7.6
GAPC_g20_1min_time60h15_rth,GAPC,1min,rth,1666,10.7,-218.2,-209.5,-17459.0,-15954.0,7.6
GAPC_g20_1min_time120h0_all,GAPC,1min,all,737,4.7,-616.9,-857.4,-49348.0,-65287.0,21.8
GAPC_g20_1min_time120h0_rth,GAPC,1min,rth,737,4.7,-616.9,-857.4,-49348.0,-65287.0,21.8
GAPC_g20_1min_time120h15_all,GAPC,1min,all,1666,10.7,-264.6,-307.3,-21164.0,-23402.0,3.1
GAPC_g20_1min_time120h15_rth,GAPC,1min,rth,1666,10.7,-264.6,-307.3,-21164.0,-23402.0,3.1
GAPC_g20_1min_trail2.5h0_all,GAPC,1min,all,1717,11.0,-212.5,-250.6,-17001.0,-19080.0,23.5
GAPC_g20_1min_trail2.5h0_rth,GAPC,1min,rth,1717,11.0,-212.5,-250.6,-17001.0,-19080.0,23.5
GAPC_g20_1min_trail2.5h15_all,GAPC,1min,all,2114,13.5,-200.3,-204.2,-16020.0,-15551.0,18.4
GAPC_g20_1min_trail2.5h15_rth,GAPC,1min,rth,2114,13.5,-200.3,-204.2,-16020.0,-15551.0,18.4
GAPC_g20_1min_trail4.0h0_all,GAPC,1min,all,1033,6.6,-257.7,-305.7,-20618.0,-23280.0,22.7
GAPC_g20_1min_trail4.0h0_rth,GAPC,1min,rth,1033,6.6,-257.7,-305.7,-20618.0,-23280.0,22.7
GAPC_g20_1min_trail4.0h15_all,GAPC,1min,all,1719,11.0,-201.7,-209.4,-16137.0,-15943.0,12.4
GAPC_g20_1min_trail4.0h15_rth,GAPC,1min,rth,1719,11.0,-201.7,-209.4,-16137.0,-15943.0,12.4
GAPF_g40_1min_time30h0_all,GAPF,1min,all,676,4.3,192.3,237.6,15384.0,18091.0,63.5
GAPF_g40_1min_time30h0_rth,GAPF,1min,rth,676,4.3,192.3,237.6,15384.0,18091.0,63.5
GAPF_g40_1min_time30h15_all,GAPF,1min,all,1403,9.0,121.8,58.3,9741.0,4438.0,24.5
GAPF_g40_1min_time30h15_rth,GAPF,1min,rth,1403,9.0,121.8,58.3,9741.0,4438.0,24.5
GAPF_g40_1min_time60h0_all,GAPF,1min,all,676,4.3,324.4,379.4,25955.0,28891.0,69.7
GAPF_g40_1min_time60h0_rth,GAPF,1min,rth,676,4.3,324.4,379.4,25955.0,28891.0,69.7
GAPF_g40_1min_time60h15_all,GAPF,1min,all,1403,9.0,166.3,106.6,13305.0,8117.0,20.5
GAPF_g40_1min_time60h15_rth,GAPF,1min,rth,1403,9.0,166.3,106.6,13305.0,8117.0,20.5
GAPF_g40_1min_time120h0_all,GAPF,1min,all,676,4.3,590.7,836.7,47258.0,63708.0,78.8
GAPF_g40_1min_time120h0_rth,GAPF,1min,rth,676,4.3,590.7,836.7,47258.0,63708.0,78.8
GAPF_g40_1min_time120h15_all,GAPF,1min,all,1403,9.0,278.9,154.5,22313.0,11763.0,17.2
GAPF_g40_1min_time120h15_rth,GAPF,1min,rth,1403,9.0,278.9,154.5,22313.0,11763.0,17.2
GAPF_g40_1min_trail2.5h0_all,GAPF,1min,all,1511,9.7,5.6,-30.0,451.0,-2287.0,33.0
GAPF_g40_1min_trail2.5h0_rth,GAPF,1min,rth,1511,9.7,5.6,-30.0,451.0,-2287.0,33.0
GAPF_g40_1min_trail2.5h15_all,GAPF,1min,all,1838,11.8,-13.1,-50.5,-1047.0,-3843.0,25.6
GAPF_g40_1min_trail2.5h15_rth,GAPF,1min,rth,1838,11.8,-13.1,-50.5,-1047.0,-3843.0,25.6
GAPF_g40_1min_trail4.0h0_all,GAPF,1min,all,884,5.7,234.5,203.9,18757.0,15529.0,44.7
GAPF_g40_1min_trail4.0h0_rth,GAPF,1min,rth,884,5.7,234.5,203.9,18757.0,15529.0,44.7
GAPF_g40_1min_trail4.0h15_all,GAPF,1min,all,1456,9.3,153.8,43.4,12307.0,3303.0,23.1
GAPF_g40_1min_trail4.0h15_rth,GAPF,1min,rth,1456,9.3,153.8,43.4,12307.0,3303.0,23.1
GAPC_g40_1min_time30h0_all,GAPC,1min,all,676,4.3,-213.0,-259.5,-17043.0,-19758.0,35.4
GAPC_g40_1min_time30h0_rth,GAPC,1min,rth,676,4.3,-213.0,-259.5,-17043.0,-19758.0,35.4
GAPC_g40_1min_time30h15_all,GAPC,1min,all,1468,9.4,-143.2,-146.6,-11459.0,-11165.0,14.0
GAPC_g40_1min_time30h15_rth,GAPC,1min,rth,1468,9.4,-143.2,-146.6,-11459.0,-11165.0,14.0
GAPC_g40_1min_time60h0_all,GAPC,1min,all,676,4.3,-345.2,-401.3,-27614.0,-30558.0,29.4
GAPC_g40_1min_time60h0_rth,GAPC,1min,rth,676,4.3,-345.2,-401.3,-27614.0,-30558.0,29.4
GAPC_g40_1min_time60h15_all,GAPC,1min,all,1468,9.4,-192.8,-178.9,-15425.0,-13619.0,8.0
GAPC_g40_1min_time60h15_rth,GAPC,1min,rth,1468,9.4,-192.8,-178.9,-15425.0,-13619.0,8.0
GAPC_g40_1min_time120h0_all,GAPC,1min,all,676,4.3,-611.5,-858.6,-48917.0,-65376.0,20.1
GAPC_g40_1min_time120h0_rth,GAPC,1min,rth,676,4.3,-611.5,-858.6,-48917.0,-65376.0,20.1
GAPC_g40_1min_time120h15_all,GAPC,1min,all,1468,9.4,-235.0,-275.0,-18803.0,-20938.0,2.8
GAPC_g40_1min_time120h15_rth,GAPC,1min,rth,1468,9.4,-235.0,-275.0,-18803.0,-20938.0,2.8
GAPC_g40_1min_trail2.5h0_all,GAPC,1min,all,1511,9.7,-190.7,-223.1,-15259.0,-16988.0,24.0
GAPC_g40_1min_trail2.5h0_rth,GAPC,1min,rth,1511,9.7,-190.7,-223.1,-15259.0,-16988.0,24.0
GAPC_g40_1min_trail2.5h15_all,GAPC,1min,all,1877,12.0,-175.0,-182.7,-13997.0,-13912.0,19.0
GAPC_g40_1min_trail2.5h15_rth,GAPC,1min,rth,1877,12.0,-175.0,-182.7,-13997.0,-13912.0,19.0
GAPC_g40_1min_trail4.0h0_all,GAPC,1min,all,916,5.9,-229.7,-285.8,-18378.0,-21759.0,22.2
GAPC_g40_1min_trail4.0h0_rth,GAPC,1min,rth,916,5.9,-229.7,-285.8,-18378.0,-21759.0,22.2
GAPC_g40_1min_trail4.0h15_all,GAPC,1min,all,1514,9.7,-175.6,-184.7,-14044.0,-14062.0,12.4
GAPC_g40_1min_trail4.0h15_rth,GAPC,1min,rth,1514,9.7,-175.6,-184.7,-14044.0,-14062.0,12.4
EMAPB_1min_time30h0_all,EMAPB,1min,all,28954,185.4,-303.6,-286.0,-24290.0,-21778.0,47.8
EMAPB_1min_time30h0_rth,EMAPB,1min,rth,9574,61.3,-74.3,-139.1,-5940.0,-10592.0,49.1
EMAPB_1min_time30h15_all,EMAPB,1min,all,43818,280.6,-667.0,-632.2,-53361.0,-48137.0,32.7
EMAPB_1min_time30h15_rth,EMAPB,1min,rth,18791,120.3,-316.5,-313.6,-25319.0,-23880.0,25.3
EMAPB_1min_time60h0_all,EMAPB,1min,all,15927,102.0,-97.8,-122.7,-7827.0,-9343.0,48.5
EMAPB_1min_time60h0_rth,EMAPB,1min,rth,5393,34.5,29.2,-148.2,2334.0,-11282.0,49.6
EMAPB_1min_time60h15_all,EMAPB,1min,all,30182,193.3,-437.1,-448.7,-34969.0,-34164.0,26.3
EMAPB_1min_time60h15_rth,EMAPB,1min,rth,13958,89.4,-220.3,-288.5,-17621.0,-21970.0,19.0
EMAPB_1min_time120h0_all,EMAPB,1min,all,8367,53.6,-76.8,-92.0,-6145.0,-7005.0,49.7
EMAPB_1min_time120h0_rth,EMAPB,1min,rth,3044,19.5,-75.5,-61.5,-6043.0,-4684.0,49.3
EMAPB_1min_time120h15_all,EMAPB,1min,all,20803,133.2,-253.0,-234.3,-20238.0,-17837.0,20.6
EMAPB_1min_time120h15_rth,EMAPB,1min,rth,10512,67.3,-127.6,-177.6,-10209.0,-13523.0,14.3
EMAPB_1min_trail2.5h0_all,EMAPB,1min,all,61867,396.2,-1627.2,-1895.0,-130179.0,-144289.0,31.5
EMAPB_1min_trail2.5h0_rth,EMAPB,1min,rth,18609,119.2,-598.3,-713.2,-47863.0,-54304.0,33.3
EMAPB_1min_trail2.5h15_all,EMAPB,1min,all,69409,444.5,-1855.0,-2317.7,-148399.0,-176473.0,28.4
EMAPB_1min_trail2.5h15_rth,EMAPB,1min,rth,24249,155.3,-736.9,-955.9,-58956.0,-72789.0,25.9
EMAPB_1min_trail4.0h0_all,EMAPB,1min,all,28288,181.2,-627.0,-689.9,-50163.0,-52534.0,33.7
EMAPB_1min_trail4.0h0_rth,EMAPB,1min,rth,8627,55.3,-200.9,-284.5,-16074.0,-21660.0,35.6
EMAPB_1min_trail4.0h15_all,EMAPB,1min,all,37840,242.3,-799.2,-1082.0,-63932.0,-82383.0,26.1
EMAPB_1min_trail4.0h15_rth,EMAPB,1min,rth,15276,97.8,-337.8,-529.0,-27025.0,-40280.0,21.3
NRB_1min_time30h0_all,NRB,1min,all,27267,174.6,-608.7,-349.4,-48697.0,-26608.0,46.6
NRB_1min_time30h0_rth,NRB,1min,rth,8770,56.2,-203.0,-126.1,-16244.0,-9605.0,47.5
NRB_1min_time30h15_all,NRB,1min,all,37169,238.0,-647.3,-812.2,-51788.0,-61845.0,33.3
NRB_1min_time30h15_rth,NRB,1min,rth,14245,91.2,-266.4,-380.0,-21316.0,-28933.0,26.0
NRB_1min_time60h0_all,NRB,1min,all,15391,98.6,-297.9,-163.6,-23832.0,-12456.0,48.0
NRB_1min_time60h0_rth,NRB,1min,rth,5175,33.1,-238.5,-88.4,-19084.0,-6732.0,47.8
NRB_1min_time60h15_all,NRB,1min,all,26637,170.6,-462.2,-461.9,-36972.0,-35173.0,27.2
NRB_1min_time60h15_rth,NRB,1min,rth,11082,71.0,-241.7,-167.3,-19332.0,-12740.0,19.7
NRB_1min_time120h0_all,NRB,1min,all,8227,52.7,-124.5,-66.9,-9961.0,-5095.0,48.3
NRB_1min_time120h0_rth,NRB,1min,rth,3037,19.5,19.9,-88.6,1591.0,-6749.0,49.9
NRB_1min_time120h15_all,NRB,1min,all,19072,122.1,-287.7,-240.5,-23013.0,-18313.0,21.1
NRB_1min_time120h15_rth,NRB,1min,rth,8795,56.3,-133.9,-180.2,-10709.0,-13722.0,15.1
NRB_1min_trail2.5h0_all,NRB,1min,all,47888,306.7,-1337.2,-1509.0,-106980.0,-114901.0,31.4
NRB_1min_trail2.5h0_rth,NRB,1min,rth,13817,88.5,-386.0,-571.4,-30881.0,-43505.0,34.1
NRB_1min_trail2.5h15_all,NRB,1min,all,51502,329.8,-1472.8,-1652.0,-117823.0,-125790.0,28.4
NRB_1min_trail2.5h15_rth,NRB,1min,rth,16323,104.5,-480.7,-542.5,-38453.0,-41307.0,27.0
NRB_1min_trail4.0h0_all,NRB,1min,all,25652,164.3,-624.1,-752.0,-49927.0,-57263.0,32.7
NRB_1min_trail4.0h0_rth,NRB,1min,rth,7601,48.7,-201.2,-353.3,-16093.0,-26898.0,34.8
NRB_1min_trail4.0h15_all,NRB,1min,all,31946,204.6,-748.8,-1013.1,-59901.0,-77140.0,25.9
NRB_1min_trail4.0h15_rth,NRB,1min,rth,11701,74.9,-267.4,-406.9,-21393.0,-30985.0,21.5
HTFA_k2.5_1min_time30h0_all,HTFA,1min,all,6388,40.9,-91.3,-212.2,-7300.0,-16155.0,44.4
HTFA_k2.5_1min_time30h0_rth,HTFA,1min,rth,1633,10.5,0.4,-58.6,30.0,-4462.0,47.3
HTFA_k2.5_1min_time30h15_all,HTFA,1min,all,6878,44.0,-73.2,-171.0,-5855.0,-13021.0,31.9
HTFA_k2.5_1min_time30h15_rth,HTFA,1min,rth,1834,11.7,1.8,-44.0,143.0,-3354.0,22.2
HTFA_k2.5_1min_time60h0_all,HTFA,1min,all,5360,34.3,-95.5,-169.7,-7639.0,-12920.0,46.2
HTFA_k2.5_1min_time60h0_rth,HTFA,1min,rth,1485,9.5,-14.1,-82.8,-1128.0,-6305.0,49.0
HTFA_k2.5_1min_time60h15_all,HTFA,1min,all,6296,40.3,-21.9,-169.8,-1751.0,-12930.0,28.5
HTFA_k2.5_1min_time60h15_rth,HTFA,1min,rth,1783,11.4,36.6,-55.3,2926.0,-4209.0,18.8
HTFA_k2.5_1min_time120h0_all,HTFA,1min,all,4089,26.2,77.3,-9.0,6187.0,-685.0,48.9
HTFA_k2.5_1min_time120h0_rth,HTFA,1min,rth,1319,8.4,80.9,-30.5,6471.0,-2322.0,49.4
HTFA_k2.5_1min_time120h15_all,HTFA,1min,all,5605,35.9,21.9,-155.5,1749.0,-11841.0,23.0
HTFA_k2.5_1min_time120h15_rth,HTFA,1min,rth,1742,11.2,77.8,-45.8,6225.0,-3488.0,14.9
HTFA_k2.5_1min_trail2.5h0_all,HTFA,1min,all,7573,48.5,-283.5,-464.9,-22683.0,-35398.0,27.6
HTFA_k2.5_1min_trail2.5h0_rth,HTFA,1min,rth,1926,12.3,-115.7,-161.0,-9259.0,-12260.0,29.1
HTFA_k2.5_1min_trail2.5h15_all,HTFA,1min,all,7626,48.8,-285.5,-447.2,-22836.0,-34051.0,25.0
HTFA_k2.5_1min_trail2.5h15_rth,HTFA,1min,rth,1953,12.5,-102.8,-148.9,-8220.0,-11336.0,23.9
HTFA_k2.5_1min_trail4.0h0_all,HTFA,1min,all,6576,42.1,-102.3,-343.9,-8188.0,-26188.0,32.3
HTFA_k2.5_1min_trail4.0h0_rth,HTFA,1min,rth,1696,10.9,4.2,-134.7,337.0,-10259.0,34.6
HTFA_k2.5_1min_trail4.0h15_all,HTFA,1min,all,6820,43.7,-87.6,-296.3,-7011.0,-22557.0,26.0
HTFA_k2.5_1min_trail4.0h15_rth,HTFA,1min,rth,1822,11.7,27.4,-90.7,2192.0,-6908.0,20.8
SMEAN_d10_3min_time30h0_all,SMEAN,3min,all,10238,65.6,-125.0,-313.3,-10000.0,-23853.0,48.7
SMEAN_d10_3min_time30h0_rth,SMEAN,3min,rth,3794,24.3,-125.2,-212.7,-10015.0,-16195.0,48.0
SMEAN_d10_3min_time30h15_all,SMEAN,3min,all,24128,154.5,-434.8,-499.6,-34785.0,-38039.0,21.7
SMEAN_d10_3min_time30h15_rth,SMEAN,3min,rth,11695,74.9,-307.7,-302.4,-24616.0,-23025.0,15.6
SMEAN_d10_3min_time60h0_all,SMEAN,3min,all,5444,34.9,-182.4,-217.1,-14592.0,-16531.0,48.7
SMEAN_d10_3min_time60h0_rth,SMEAN,3min,rth,2284,14.6,-109.8,-154.0,-8787.0,-11726.0,48.8
SMEAN_d10_3min_time60h15_all,SMEAN,3min,all,17533,112.3,-234.6,-391.8,-18765.0,-29835.0,16.2
SMEAN_d10_3min_time60h15_rth,SMEAN,3min,rth,9225,59.1,-178.8,-169.6,-14301.0,-12916.0,12.2
SMEAN_d10_3min_time120h0_all,SMEAN,3min,all,2819,18.1,-187.2,-141.4,-14978.0,-10766.0,48.2
SMEAN_d10_3min_time120h0_rth,SMEAN,3min,rth,1517,9.7,-113.2,86.8,-9052.0,6609.0,51.0
SMEAN_d10_3min_time120h15_all,SMEAN,3min,all,12512,80.1,-202.5,-108.4,-16198.0,-8255.0,11.6
SMEAN_d10_3min_time120h15_rth,SMEAN,3min,rth,7392,47.3,-145.4,-56.8,-11630.0,-4324.0,9.7
SMEAN_d10_3min_trail2.5h0_all,SMEAN,3min,all,22213,142.3,-895.0,-1417.5,-71598.0,-107935.0,33.1
SMEAN_d10_3min_trail2.5h0_rth,SMEAN,3min,rth,7972,51.1,-432.4,-734.4,-34592.0,-55922.0,33.5
SMEAN_d10_3min_trail2.5h15_all,SMEAN,3min,all,31680,202.9,-1018.9,-1659.4,-81508.0,-126354.0,23.8
SMEAN_d10_3min_trail2.5h15_rth,SMEAN,3min,rth,14202,91.0,-517.6,-848.5,-41406.0,-64605.0,19.6
SMEAN_d10_3min_trail4.0h0_all,SMEAN,3min,all,9839,63.0,-365.9,-604.3,-29268.0,-46009.0,34.1
SMEAN_d10_3min_trail4.0h0_rth,SMEAN,3min,rth,3749,24.0,-192.6,-285.1,-15411.0,-21705.0,35.6
SMEAN_d10_3min_trail4.0h15_all,SMEAN,3min,all,19515,125.0,-467.6,-738.8,-37406.0,-56256.0,18.6
SMEAN_d10_3min_trail4.0h15_rth,SMEAN,3min,rth,9895,63.4,-282.3,-362.7,-22583.0,-27619.0,14.8
SMEAN_d18_3min_time30h0_all,SMEAN,3min,all,9066,58.1,-187.3,-270.3,-14984.0,-20579.0,48.9
SMEAN_d18_3min_time30h0_rth,SMEAN,3min,rth,3731,23.9,-137.0,-301.7,-10961.0,-22970.0,47.9
SMEAN_d18_3min_time30h15_all,SMEAN,3min,all,22502,144.1,-418.5,-506.9,-33480.0,-38598.0,20.7
SMEAN_d18_3min_time30h15_rth,SMEAN,3min,rth,11540,73.9,-289.7,-322.8,-23174.0,-24580.0,15.5
SMEAN_d18_3min_time60h0_all,SMEAN,3min,all,4985,31.9,-117.6,-351.7,-9411.0,-26782.0,49.1
SMEAN_d18_3min_time60h0_rth,SMEAN,3min,rth,2263,14.5,-141.9,-140.1,-11352.0,-10668.0,48.0
SMEAN_d18_3min_time60h15_all,SMEAN,3min,all,16701,107.0,-167.9,-391.1,-13436.0,-29779.0,15.4
SMEAN_d18_3min_time60h15_rth,SMEAN,3min,rth,9155,58.6,-195.3,-197.1,-15624.0,-15008.0,12.0
SMEAN_d18_3min_time120h0_all,SMEAN,3min,all,2651,17.0,-277.6,-25.0,-22209.0,-1905.0,48.7
SMEAN_d18_3min_time120h0_rth,SMEAN,3min,rth,1504,9.6,-109.7,115.8,-8774.0,8816.0,51.1
SMEAN_d18_3min_time120h15_all,SMEAN,3min,all,12288,78.7,-173.2,-195.7,-13855.0,-14898.0,11.1
SMEAN_d18_3min_time120h15_rth,SMEAN,3min,rth,7362,47.1,-172.5,-70.3,-13802.0,-5357.0,9.6
SMEAN_d18_3min_trail2.5h0_all,SMEAN,3min,all,19429,124.4,-795.6,-1422.2,-63648.0,-108293.0,33.3
SMEAN_d18_3min_trail2.5h0_rth,SMEAN,3min,rth,7779,49.8,-468.5,-733.5,-37483.0,-55850.0,33.5
SMEAN_d18_3min_trail2.5h15_all,SMEAN,3min,all,28593,183.1,-923.5,-1573.0,-73881.0,-119776.0,23.2
SMEAN_d18_3min_trail2.5h15_rth,SMEAN,3min,rth,13874,88.9,-555.1,-790.0,-44411.0,-60150.0,19.4
SMEAN_d18_3min_trail4.0h0_all,SMEAN,3min,all,8960,57.4,-333.0,-680.0,-26642.0,-51780.0,34.3
SMEAN_d18_3min_trail4.0h0_rth,SMEAN,3min,rth,3705,23.7,-203.1,-302.7,-16245.0,-23049.0,35.4
SMEAN_d18_3min_trail4.0h15_all,SMEAN,3min,all,18478,118.3,-431.7,-806.9,-34537.0,-61436.0,18.0
SMEAN_d18_3min_trail4.0h15_rth,SMEAN,3min,rth,9850,63.1,-303.6,-407.1,-24290.0,-31001.0,14.5
SMEAN_d28_3min_time30h0_all,SMEAN,3min,all,7773,49.8,-135.9,-268.6,-10871.0,-20449.0,48.5
SMEAN_d28_3min_time30h0_rth,SMEAN,3min,rth,3587,23.0,-66.1,-249.3,-5287.0,-18983.0,48.6
SMEAN_d28_3min_time30h15_all,SMEAN,3min,all,20274,129.8,-305.9,-494.3,-24476.0,-37640.0,19.7
SMEAN_d28_3min_time30h15_rth,SMEAN,3min,rth,11107,71.1,-199.3,-309.0,-15944.0,-23530.0,15.6
SMEAN_d28_3min_time60h0_all,SMEAN,3min,all,4383,28.1,-97.4,-187.7,-7790.0,-14296.0,48.9
SMEAN_d28_3min_time60h0_rth,SMEAN,3min,rth,2189,14.0,-70.8,-173.6,-5661.0,-13219.0,48.6
SMEAN_d28_3min_time60h15_all,SMEAN,3min,all,15502,99.3,-180.1,-437.2,-14408.0,-33288.0,14.6
SMEAN_d28_3min_time60h15_rth,SMEAN,3min,rth,8887,56.9,-112.2,-250.0,-8979.0,-19034.0,12.1
SMEAN_d28_3min_time120h0_all,SMEAN,3min,all,2427,15.5,-162.9,-33.8,-13033.0,-2574.0,48.6
SMEAN_d28_3min_time120h0_rth,SMEAN,3min,rth,1468,9.4,-87.9,67.0,-7029.0,5101.0,51.2
SMEAN_d28_3min_time120h15_all,SMEAN,3min,all,11700,74.9,-196.0,-107.5,-15683.0,-8185.0,10.7
SMEAN_d28_3min_time120h15_rth,SMEAN,3min,rth,7198,46.1,-90.7,-140.1,-7257.0,-10666.0,9.6
SMEAN_d28_3min_trail2.5h0_all,SMEAN,3min,all,16460,105.4,-711.0,-1311.1,-56880.0,-99833.0,33.7
SMEAN_d28_3min_trail2.5h0_rth,SMEAN,3min,rth,7382,47.3,-434.9,-716.2,-34789.0,-54534.0,33.9
SMEAN_d28_3min_trail2.5h15_all,SMEAN,3min,all,25166,161.2,-780.5,-1458.2,-62438.0,-111028.0,22.5
SMEAN_d28_3min_trail2.5h15_rth,SMEAN,3min,rth,13272,85.0,-483.6,-788.5,-38689.0,-60035.0,19.3
SMEAN_d28_3min_trail4.0h0_all,SMEAN,3min,all,7849,50.3,-276.9,-655.7,-22155.0,-49928.0,34.7
SMEAN_d28_3min_trail4.0h0_rth,SMEAN,3min,rth,3570,22.9,-169.2,-300.1,-13537.0,-22854.0,35.9
SMEAN_d28_3min_trail4.0h15_all,SMEAN,3min,all,16967,108.7,-373.7,-764.5,-29893.0,-58208.0,17.5
SMEAN_d28_3min_trail4.0h15_rth,SMEAN,3min,rth,9465,60.6,-236.2,-373.3,-18898.0,-28422.0,14.7
ODRIVE30_3min_time30h0_all,ODRIVE30,3min,all,3793,24.3,27.7,125.1,2216.0,9523.0,49.5
ODRIVE30_3min_time30h0_rth,ODRIVE30,3min,rth,3136,20.1,53.0,111.3,4239.0,8472.0,50.2
ODRIVE30_3min_time30h15_all,ODRIVE30,3min,all,8868,56.8,-37.6,-59.5,-3009.0,-4529.0,19.1
ODRIVE30_3min_time30h15_rth,ODRIVE30,3min,rth,7730,49.5,-40.0,-116.8,-3197.0,-8895.0,17.3
ODRIVE30_3min_time60h0_all,ODRIVE30,3min,all,2091,13.4,152.8,105.2,12220.0,8013.0,50.5
ODRIVE30_3min_time60h0_rth,ODRIVE30,3min,rth,1925,12.3,156.4,97.0,12510.0,7383.0,50.6
ODRIVE30_3min_time60h15_all,ODRIVE30,3min,all,6723,43.1,5.4,-27.8,435.0,-2118.0,14.3
ODRIVE30_3min_time60h15_rth,ODRIVE30,3min,rth,6004,38.5,8.0,-43.4,638.0,-3304.0,13.1
ODRIVE30_3min_time120h0_all,ODRIVE30,3min,all,1387,8.9,180.1,138.2,14405.0,10525.0,50.5
ODRIVE30_3min_time120h0_rth,ODRIVE30,3min,rth,1290,8.3,173.5,146.1,13883.0,11124.0,50.7
ODRIVE30_3min_time120h15_all,ODRIVE30,3min,all,5381,34.5,80.7,27.0,6453.0,2054.0,11.6
ODRIVE30_3min_time120h15_rth,ODRIVE30,3min,rth,4820,30.9,66.0,3.3,5279.0,255.0,10.5
ODRIVE30_3min_trail2.5h0_all,ODRIVE30,3min,all,6617,42.4,-157.0,-202.5,-12562.0,-15416.0,35.5
ODRIVE30_3min_trail2.5h0_rth,ODRIVE30,3min,rth,5195,33.3,-141.2,-182.8,-11293.0,-13921.0,36.2
ODRIVE30_3min_trail2.5h15_all,ODRIVE30,3min,all,10677,68.4,-246.0,-251.8,-19680.0,-19170.0,21.9
ODRIVE30_3min_trail2.5h15_rth,ODRIVE30,3min,rth,8947,57.3,-218.4,-252.0,-17469.0,-19189.0,20.5
ODRIVE30_3min_trail4.0h0_all,ODRIVE30,3min,all,3308,21.2,3.8,55.1,304.0,4197.0,38.7
ODRIVE30_3min_trail4.0h0_rth,ODRIVE30,3min,rth,2626,16.8,-0.6,28.4,-51.0,2162.0,39.1
ODRIVE30_3min_trail4.0h15_all,ODRIVE30,3min,all,7350,47.1,-58.9,-73.2,-4711.0,-5576.0,17.7
ODRIVE30_3min_trail4.0h15_rth,ODRIVE30,3min,rth,6369,40.8,-54.0,-112.2,-4317.0,-8546.0,16.1
GAPF_g20_3min_time30h0_all,GAPF,3min,all,722,4.6,465.1,671.7,37207.0,51148.0,74.2
GAPF_g20_3min_time30h0_rth,GAPF,3min,rth,722,4.6,465.1,671.7,37207.0,51148.0,74.2
GAPF_g20_3min_time30h15_all,GAPF,3min,all,1063,6.8,138.9,94.2,11114.0,7173.0,18.8
GAPF_g20_3min_time30h15_rth,GAPF,3min,rth,1063,6.8,138.9,94.2,11114.0,7173.0,18.8
GAPF_g20_3min_time60h0_all,GAPF,3min,all,722,4.6,664.5,1049.8,53158.0,79933.0,82.0
GAPF_g20_3min_time60h0_rth,GAPF,3min,rth,722,4.6,664.5,1049.8,53158.0,79933.0,82.0
GAPF_g20_3min_time60h15_all,GAPF,3min,all,1063,6.8,168.4,150.1,13469.0,11433.0,17.3
GAPF_g20_3min_time60h15_rth,GAPF,3min,rth,1063,6.8,168.4,150.1,13469.0,11433.0,17.3
GAPF_g20_3min_time120h0_all,GAPF,3min,all,722,4.6,1015.9,1576.5,81275.0,120036.0,92.0
GAPF_g20_3min_time120h0_rth,GAPF,3min,rth,722,4.6,1015.9,1576.5,81275.0,120036.0,92.0
GAPF_g20_3min_time120h15_all,GAPF,3min,all,1063,6.8,226.2,194.4,18099.0,14800.0,16.1
GAPF_g20_3min_time120h15_rth,GAPF,3min,rth,1063,6.8,226.2,194.4,18099.0,14800.0,16.1
GAPF_g20_3min_trail2.5h0_all,GAPF,3min,all,1001,6.4,33.1,-51.5,2650.0,-3920.0,34.9
GAPF_g20_3min_trail2.5h0_rth,GAPF,3min,rth,1001,6.4,33.1,-51.5,2650.0,-3920.0,34.9
GAPF_g20_3min_trail2.5h15_all,GAPF,3min,all,1153,7.4,0.7,-43.3,55.0,-3294.0,23.7
GAPF_g20_3min_trail2.5h15_rth,GAPF,3min,rth,1153,7.4,0.7,-43.3,55.0,-3294.0,23.7
GAPF_g20_3min_trail4.0h0_all,GAPF,3min,all,760,4.9,332.6,280.2,26609.0,21338.0,48.7
GAPF_g20_3min_trail4.0h0_rth,GAPF,3min,rth,760,4.9,332.6,280.2,26609.0,21338.0,48.7
GAPF_g20_3min_trail4.0h15_all,GAPF,3min,all,1073,6.9,121.1,77.3,9688.0,5882.0,18.9
GAPF_g20_3min_trail4.0h15_rth,GAPF,3min,rth,1073,6.9,121.1,77.3,9688.0,5882.0,18.9
GAPC_g20_3min_time30h0_all,GAPC,3min,all,722,4.6,-487.7,-694.6,-39017.0,-52889.0,25.2
GAPC_g20_3min_time30h0_rth,GAPC,3min,rth,722,4.6,-487.7,-694.6,-39017.0,-52889.0,25.2
GAPC_g20_3min_time30h15_all,GAPC,3min,all,1102,7.1,-165.1,-185.3,-13204.0,-14109.0,4.8
GAPC_g20_3min_time30h15_rth,GAPC,3min,rth,1102,7.1,-165.1,-185.3,-13204.0,-14109.0,4.8
GAPC_g20_3min_time60h0_all,GAPC,3min,all,722,4.6,-687.1,-1072.6,-54969.0,-81674.0,17.9
GAPC_g20_3min_time60h0_rth,GAPC,3min,rth,722,4.6,-687.1,-1072.6,-54969.0,-81674.0,17.9
GAPC_g20_3min_time60h15_all,GAPC,3min,all,1102,7.1,-195.4,-200.8,-15633.0,-15291.0,2.5
GAPC_g20_3min_time60h15_rth,GAPC,3min,rth,1102,7.1,-195.4,-200.8,-15633.0,-15291.0,2.5
GAPC_g20_3min_time120h0_all,GAPC,3min,all,722,4.6,-1038.6,-1599.3,-83085.0,-121778.0,7.9
GAPC_g20_3min_time120h0_rth,GAPC,3min,rth,722,4.6,-1038.6,-1599.3,-83085.0,-121778.0,7.9
GAPC_g20_3min_time120h15_all,GAPC,3min,all,1102,7.1,-212.0,-225.7,-16958.0,-17187.0,0.5
GAPC_g20_3min_time120h15_rth,GAPC,3min,rth,1102,7.1,-212.0,-225.7,-16958.0,-17187.0,0.5
GAPC_g20_3min_trail2.5h0_all,GAPC,3min,all,1000,6.4,-193.9,-243.6,-15511.0,-18545.0,20.2
GAPC_g20_3min_trail2.5h0_rth,GAPC,3min,rth,1000,6.4,-193.9,-243.6,-15511.0,-18545.0,20.2
GAPC_g20_3min_trail2.5h15_all,GAPC,3min,all,1181,7.6,-136.0,-142.9,-10884.0,-10877.0,14.1
GAPC_g20_3min_trail2.5h15_rth,GAPC,3min,rth,1181,7.6,-136.0,-142.9,-10884.0,-10877.0,14.1
GAPC_g20_3min_trail4.0h0_all,GAPC,3min,all,770,4.9,-363.5,-439.2,-29080.0,-33446.0,14.3
GAPC_g20_3min_trail4.0h0_rth,GAPC,3min,rth,770,4.9,-363.5,-439.2,-29080.0,-33446.0,14.3
GAPC_g20_3min_trail4.0h15_all,GAPC,3min,all,1110,7.1,-171.5,-189.9,-13717.0,-14458.0,6.2
GAPC_g20_3min_trail4.0h15_rth,GAPC,3min,rth,1110,7.1,-171.5,-189.9,-13717.0,-14458.0,6.2
GAPF_g40_3min_time30h0_all,GAPF,3min,all,660,4.2,455.1,649.3,36410.0,49439.0,75.3
GAPF_g40_3min_time30h0_rth,GAPF,3min,rth,660,4.2,455.1,649.3,36410.0,49439.0,75.3
GAPF_g40_3min_time30h15_all,GAPF,3min,all,956,6.1,138.0,86.4,11042.0,6578.0,18.6
GAPF_g40_3min_time30h15_rth,GAPF,3min,rth,956,6.1,138.0,86.4,11042.0,6578.0,18.6
GAPF_g40_3min_time60h0_all,GAPF,3min,all,660,4.2,658.0,1031.7,52642.0,78555.0,83.9
GAPF_g40_3min_time60h0_rth,GAPF,3min,rth,660,4.2,658.0,1031.7,52642.0,78555.0,83.9
GAPF_g40_3min_time60h15_all,GAPF,3min,all,956,6.1,173.9,149.9,13914.0,11411.0,17.5
GAPF_g40_3min_time60h15_rth,GAPF,3min,rth,956,6.1,173.9,149.9,13914.0,11411.0,17.5
GAPF_g40_3min_time120h0_all,GAPF,3min,all,660,4.2,1009.9,1563.8,80791.0,119076.0,93.8
GAPF_g40_3min_time120h0_rth,GAPF,3min,rth,660,4.2,1009.9,1563.8,80791.0,119076.0,93.8
GAPF_g40_3min_time120h15_all,GAPF,3min,all,956,6.1,237.4,205.9,18995.0,15679.0,16.6
GAPF_g40_3min_time120h15_rth,GAPF,3min,rth,956,6.1,237.4,205.9,18995.0,15679.0,16.6
GAPF_g40_3min_trail2.5h0_all,GAPF,3min,all,895,5.7,56.7,-41.9,4536.0,-3192.0,35.5
GAPF_g40_3min_trail2.5h0_rth,GAPF,3min,rth,895,5.7,56.7,-41.9,4536.0,-3192.0,35.5
GAPF_g40_3min_trail2.5h15_all,GAPF,3min,all,1030,6.6,12.9,-40.0,1033.0,-3047.0,23.1
GAPF_g40_3min_trail2.5h15_rth,GAPF,3min,rth,1030,6.6,12.9,-40.0,1033.0,-3047.0,23.1
GAPF_g40_3min_trail4.0h0_all,GAPF,3min,all,694,4.4,337.3,281.5,26985.0,21431.0,49.3
GAPF_g40_3min_trail4.0h0_rth,GAPF,3min,rth,694,4.4,337.3,281.5,26985.0,21431.0,49.3
GAPF_g40_3min_trail4.0h15_all,GAPF,3min,all,964,6.2,129.0,82.2,10319.0,6259.0,19.0
GAPF_g40_3min_trail4.0h15_rth,GAPF,3min,rth,964,6.2,129.0,82.2,10319.0,6259.0,19.0
GAPC_g40_3min_time30h0_all,GAPC,3min,all,660,4.2,-475.5,-670.5,-38038.0,-51057.0,24.1
GAPC_g40_3min_time30h0_rth,GAPC,3min,rth,660,4.2,-475.5,-670.5,-38038.0,-51057.0,24.1
GAPC_g40_3min_time30h15_all,GAPC,3min,all,977,6.3,-147.4,-171.8,-11791.0,-13080.0,4.1
GAPC_g40_3min_time30h15_rth,GAPC,3min,rth,977,6.3,-147.4,-171.8,-11791.0,-13080.0,4.1
GAPC_g40_3min_time60h0_all,GAPC,3min,all,660,4.2,-678.4,-1052.9,-54270.0,-80173.0,16.1
GAPC_g40_3min_time60h0_rth,GAPC,3min,rth,660,4.2,-678.4,-1052.9,-54270.0,-80173.0,16.1
GAPC_g40_3min_time60h15_all,GAPC,3min,all,977,6.3,-171.9,-183.2,-13755.0,-13946.0,2.0
GAPC_g40_3min_time60h15_rth,GAPC,3min,rth,977,6.3,-171.9,-183.2,-13755.0,-13946.0,2.0
GAPC_g40_3min_time120h0_all,GAPC,3min,all,660,4.2,-1030.2,-1585.1,-82420.0,-120694.0,6.2
GAPC_g40_3min_time120h0_rth,GAPC,3min,rth,660,4.2,-1030.2,-1585.1,-82420.0,-120694.0,6.2
GAPC_g40_3min_time120h15_all,GAPC,3min,all,977,6.3,-185.0,-203.2,-14802.0,-15470.0,0.3
GAPC_g40_3min_time120h15_rth,GAPC,3min,rth,977,6.3,-185.0,-203.2,-14802.0,-15470.0,0.3
GAPC_g40_3min_trail2.5h0_all,GAPC,3min,all,891,5.7,-174.5,-221.1,-13964.0,-16832.0,20.2
GAPC_g40_3min_trail2.5h0_rth,GAPC,3min,rth,891,5.7,-174.5,-221.1,-13964.0,-16832.0,20.2
GAPC_g40_3min_trail2.5h15_all,GAPC,3min,all,1045,6.7,-115.9,-129.0,-9274.0,-9821.0,13.8
GAPC_g40_3min_trail2.5h15_rth,GAPC,3min,rth,1045,6.7,-115.9,-129.0,-9274.0,-9821.0,13.8
GAPC_g40_3min_trail4.0h0_all,GAPC,3min,all,700,4.5,-345.0,-416.1,-27604.0,-31684.0,13.1
GAPC_g40_3min_trail4.0h0_rth,GAPC,3min,rth,700,4.5,-345.0,-416.1,-27604.0,-31684.0,13.1
GAPC_g40_3min_trail4.0h15_all,GAPC,3min,all,984,6.3,-151.0,-173.8,-12081.0,-13234.0,5.7
GAPC_g40_3min_trail4.0h15_rth,GAPC,3min,rth,984,6.3,-151.0,-173.8,-12081.0,-13234.0,5.7
EMAPB_3min_time30h0_all,EMAPB,3min,all,9643,61.8,-196.6,-64.7,-15729.0,-4926.0,48.9
EMAPB_3min_time30h0_rth,EMAPB,3min,rth,3362,21.5,-98.5,88.8,-7882.0,6761.0,49.3
EMAPB_3min_time30h15_all,EMAPB,3min,all,19954,127.8,-345.5,-214.3,-27639.0,-16316.0,23.2
EMAPB_3min_time30h15_rth,EMAPB,3min,rth,9171,58.7,-175.4,-88.9,-14028.0,-6772.0,16.6
EMAPB_3min_time60h0_all,EMAPB,3min,all,5297,33.9,-85.5,29.6,-6842.0,2254.0,49.1
EMAPB_3min_time60h0_rth,EMAPB,3min,rth,2140,13.7,-90.3,137.6,-7224.0,10477.0,49.1
EMAPB_3min_time60h15_all,EMAPB,3min,all,14804,94.8,-218.0,-100.4,-17438.0,-7642.0,17.3
EMAPB_3min_time60h15_rth,EMAPB,3min,rth,7446,47.7,-100.7,-31.5,-8054.0,-2397.0,12.8
EMAPB_3min_time120h0_all,EMAPB,3min,all,2795,17.9,55.1,17.4,4410.0,1325.0,50.2
EMAPB_3min_time120h0_rth,EMAPB,3min,rth,1456,9.3,-41.1,-56.2,-3290.0,-4280.0,46.2
EMAPB_3min_time120h15_all,EMAPB,3min,all,10746,68.8,-115.7,-18.5,-9252.0,-1408.0,12.2
EMAPB_3min_time120h15_rth,EMAPB,3min,rth,6160,39.5,-57.3,-30.1,-4586.0,-2295.0,9.6
EMAPB_3min_trail2.5h0_all,EMAPB,3min,all,20013,128.2,-734.7,-814.8,-58774.0,-62043.0,33.4
EMAPB_3min_trail2.5h0_rth,EMAPB,3min,rth,6462,41.4,-327.4,-308.9,-26190.0,-23517.0,34.7
EMAPB_3min_trail2.5h15_all,EMAPB,3min,all,26875,172.1,-882.7,-985.5,-70619.0,-75036.0,25.0
EMAPB_3min_trail2.5h15_rth,EMAPB,3min,rth,10815,69.3,-381.9,-359.7,-30553.0,-27389.0,20.5
EMAPB_3min_trail4.0h0_all,EMAPB,3min,all,9168,58.7,-361.3,-210.0,-28900.0,-15991.0,34.8
EMAPB_3min_trail4.0h0_rth,EMAPB,3min,rth,3216,20.6,-179.6,14.7,-14371.0,1116.0,38.1
EMAPB_3min_trail4.0h15_all,EMAPB,3min,all,16841,107.9,-447.4,-412.6,-35795.0,-31417.0,20.0
EMAPB_3min_trail4.0h15_rth,EMAPB,3min,rth,8017,51.3,-210.2,-178.2,-16815.0,-13568.0,15.7
NRB_3min_time30h0_all,NRB,3min,all,8940,57.3,-39.0,37.0,-3117.0,2817.0,48.9
NRB_3min_time30h0_rth,NRB,3min,rth,3025,19.4,4.5,-101.1,360.0,-7697.0,49.0
NRB_3min_time30h15_all,NRB,3min,all,14558,93.2,-167.0,-184.6,-13360.0,-14054.0,25.5
NRB_3min_time30h15_rth,NRB,3min,rth,5793,37.1,-55.3,-81.5,-4422.0,-6209.0,18.3
NRB_3min_time60h0_all,NRB,3min,all,5085,32.6,-172.6,61.7,-13807.0,4696.0,49.0
NRB_3min_time60h0_rth,NRB,3min,rth,1916,12.3,17.6,46.4,1407.0,3533.0,51.0
NRB_3min_time60h15_all,NRB,3min,all,11373,72.8,-68.3,-119.9,-5464.0,-9130.0,19.4
NRB_3min_time60h15_rth,NRB,3min,rth,4966,31.8,-10.2,-61.5,-816.0,-4680.0,14.6
NRB_3min_time120h0_all,NRB,3min,all,2729,17.5,-228.4,-20.0,-18269.0,-1521.0,49.2
NRB_3min_time120h0_rth,NRB,3min,rth,1399,9.0,101.8,-70.5,8148.0,-5369.0,48.9
NRB_3min_time120h15_all,NRB,3min,all,8764,56.1,18.9,-37.6,1510.0,-2861.0,13.8
NRB_3min_time120h15_rth,NRB,3min,rth,4338,27.8,10.1,21.7,807.0,1653.0,11.8
NRB_3min_trail2.5h0_all,NRB,3min,all,14818,94.9,-533.8,-552.5,-42707.0,-42066.0,34.2
NRB_3min_trail2.5h0_rth,NRB,3min,rth,4545,29.1,-200.0,-261.4,-16002.0,-19903.0,34.8
NRB_3min_trail2.5h15_all,NRB,3min,all,17637,113.0,-511.8,-612.7,-40946.0,-46654.0,26.8
NRB_3min_trail2.5h15_rth,NRB,3min,rth,6266,40.1,-164.5,-249.6,-13161.0,-19008.0,21.9
NRB_3min_trail4.0h0_all,NRB,3min,all,8068,51.7,-157.4,-221.8,-12595.0,-16892.0,35.4
NRB_3min_trail4.0h0_rth,NRB,3min,rth,2713,17.4,-31.6,-2.3,-2524.0,-175.0,38.0
NRB_3min_trail4.0h15_all,NRB,3min,all,12364,79.2,-207.2,-364.5,-16578.0,-27757.0,21.3
NRB_3min_trail4.0h15_rth,NRB,3min,rth,5126,32.8,-67.8,-130.1,-5425.0,-9904.0,17.1
HTFA_k2.5_3min_time30h0_all,HTFA,3min,all,2290,14.7,67.6,25.5,5407.0,1941.0,48.7
HTFA_k2.5_3min_time30h0_rth,HTFA,3min,rth,780,5.0,104.4,-18.2,8348.0,-1383.0,51.2
HTFA_k2.5_3min_time30h15_all,HTFA,3min,all,2646,16.9,7.4,-8.4,588.0,-642.0,23.8
HTFA_k2.5_3min_time30h15_rth,HTFA,3min,rth,936,6.0,53.4,10.7,4274.0,812.0,15.6
HTFA_k2.5_3min_time60h0_all,HTFA,3min,all,1972,12.6,15.4,117.1,1232.0,8919.0,50.1
HTFA_k2.5_3min_time60h0_rth,HTFA,3min,rth,744,4.8,96.7,1.0,7736.0,74.0,51.7
HTFA_k2.5_3min_time60h15_all,HTFA,3min,all,2537,16.2,12.5,3.9,1001.0,299.0,18.8
HTFA_k2.5_3min_time60h15_rth,HTFA,3min,rth,932,6.0,65.9,20.6,5273.0,1565.0,14.4
HTFA_k2.5_3min_time120h0_all,HTFA,3min,all,1586,10.2,-137.1,69.8,-10972.0,5312.0,49.2
HTFA_k2.5_3min_time120h0_rth,HTFA,3min,rth,653,4.2,119.8,18.6,9584.0,1419.0,52.4
HTFA_k2.5_3min_time120h15_all,HTFA,3min,all,2375,15.2,33.2,13.1,2654.0,1000.0,14.7
HTFA_k2.5_3min_time120h15_rth,HTFA,3min,rth,914,5.9,86.3,20.5,6901.0,1558.0,12.3
HTFA_k2.5_3min_trail2.5h0_all,HTFA,3min,all,2752,17.6,-160.9,-247.0,-12869.0,-18804.0,30.5
HTFA_k2.5_3min_trail2.5h0_rth,HTFA,3min,rth,948,6.1,-69.7,-122.4,-5580.0,-9322.0,31.1
HTFA_k2.5_3min_trail2.5h15_all,HTFA,3min,all,2815,18.0,-130.8,-148.5,-10464.0,-11309.0,24.3
HTFA_k2.5_3min_trail2.5h15_rth,HTFA,3min,rth,977,6.3,-37.6,-56.2,-3009.0,-4276.0,21.2
HTFA_k2.5_3min_trail4.0h0_all,HTFA,3min,all,2372,15.2,-16.1,-84.4,-1285.0,-6424.0,34.3
HTFA_k2.5_3min_trail4.0h0_rth,HTFA,3min,rth,821,5.3,59.9,-68.1,4793.0,-5183.0,36.1
HTFA_k2.5_3min_trail4.0h15_all,HTFA,3min,all,2612,16.7,-3.0,-43.9,-242.0,-3343.0,20.4
HTFA_k2.5_3min_trail4.0h15_rth,HTFA,3min,rth,935,6.0,54.7,5.9,4378.0,448.0,15.7
SMEAN_d10_5min_time30h0_all,SMEAN,5min,all,6247,40.0,-230.2,-346.0,-18417.0,-26348.0,48.0
SMEAN_d10_5min_time30h0_rth,SMEAN,5min,rth,2291,14.7,-70.4,-126.6,-5632.0,-9643.0,48.4
SMEAN_d10_5min_time30h15_all,SMEAN,5min,all,17390,111.4,-366.9,-332.7,-29354.0,-25333.0,17.8
SMEAN_d10_5min_time30h15_rth,SMEAN,5min,rth,8772,56.2,-219.8,-213.6,-17586.0,-16265.0,13.3
SMEAN_d10_5min_time60h0_all,SMEAN,5min,all,3307,21.2,-210.7,-38.3,-16856.0,-2919.0,48.5
SMEAN_d10_5min_time60h0_rth,SMEAN,5min,rth,1518,9.7,-85.1,-65.9,-6811.0,-5021.0,49.3
SMEAN_d10_5min_time60h15_all,SMEAN,5min,all,12841,82.2,-284.5,-186.1,-22757.0,-14169.0,12.7
SMEAN_d10_5min_time60h15_rth,SMEAN,5min,rth,7262,46.5,-197.2,-135.8,-15775.0,-10342.0,10.3
SMEAN_d10_5min_time120h0_all,SMEAN,5min,all,1703,10.9,-117.6,-262.7,-9405.0,-20005.0,48.9
SMEAN_d10_5min_time120h0_rth,SMEAN,5min,rth,775,5.0,-59.3,-33.6,-4748.0,-2557.0,48.1
SMEAN_d10_5min_time120h15_all,SMEAN,5min,all,9675,62.0,-248.5,-71.9,-19880.0,-5474.0,8.7
SMEAN_d10_5min_time120h15_rth,SMEAN,5min,rth,6479,41.5,-193.4,-137.3,-15474.0,-10452.0,8.2
SMEAN_d10_5min_trail2.5h0_all,SMEAN,5min,all,13740,88.0,-629.7,-1219.9,-50375.0,-92890.0,33.1
SMEAN_d10_5min_trail2.5h0_rth,SMEAN,5min,rth,5223,33.5,-362.6,-668.4,-29007.0,-50897.0,33.1
SMEAN_d10_5min_trail2.5h15_all,SMEAN,5min,all,22076,141.4,-801.1,-1239.5,-64085.0,-94381.0,20.9
SMEAN_d10_5min_trail2.5h15_rth,SMEAN,5min,rth,10456,67.0,-466.4,-630.4,-37313.0,-48001.0,16.8
SMEAN_d10_5min_trail4.0h0_all,SMEAN,5min,all,6074,38.9,-303.2,-424.7,-24253.0,-32334.0,34.7
SMEAN_d10_5min_trail4.0h0_rth,SMEAN,5min,rth,2590,16.6,-145.5,-285.7,-11641.0,-21754.0,35.9
SMEAN_d10_5min_trail4.0h15_all,SMEAN,5min,all,14396,92.2,-497.3,-516.7,-39785.0,-39342.0,15.6
SMEAN_d10_5min_trail4.0h15_rth,SMEAN,5min,rth,7980,51.1,-295.3,-343.3,-23620.0,-26138.0,12.2
SMEAN_d18_5min_time30h0_all,SMEAN,5min,all,5648,36.2,-214.9,-310.7,-17193.0,-23655.0,49.5
SMEAN_d18_5min_time30h0_rth,SMEAN,5min,rth,2274,14.6,-78.2,-123.9,-6260.0,-9432.0,48.7
SMEAN_d18_5min_time30h15_all,SMEAN,5min,all,16447,105.3,-342.3,-353.3,-27384.0,-26900.0,16.9
SMEAN_d18_5min_time30h15_rth,SMEAN,5min,rth,8632,55.3,-214.7,-210.6,-17177.0,-16038.0,13.3
SMEAN_d18_5min_time60h0_all,SMEAN,5min,all,3080,19.7,-175.4,-118.5,-14035.0,-9026.0,48.7
SMEAN_d18_5min_time60h0_rth,SMEAN,5min,rth,1511,9.7,-73.3,-48.2,-5868.0,-3670.0,49.4
SMEAN_d18_5min_time60h15_all,SMEAN,5min,all,12430,79.6,-327.7,-210.0,-26220.0,-15991.0,12.1
SMEAN_d18_5min_time60h15_rth,SMEAN,5min,rth,7149,45.8,-196.0,-160.3,-15682.0,-12204.0,10.2
SMEAN_d18_5min_time120h0_all,SMEAN,5min,all,1634,10.5,-174.1,-52.8,-13928.0,-4021.0,49.7
SMEAN_d18_5min_time120h0_rth,SMEAN,5min,rth,773,5.0,-92.5,-33.2,-7399.0,-2525.0,47.7
SMEAN_d18_5min_time120h15_all,SMEAN,5min,all,9651,61.8,-295.4,-209.8,-23630.0,-15975.0,8.0
SMEAN_d18_5min_time120h15_rth,SMEAN,5min,rth,6450,41.3,-246.6,-144.3,-19725.0,-10991.0,8.0
SMEAN_d18_5min_trail2.5h0_all,SMEAN,5min,all,12250,78.5,-559.8,-1213.8,-44785.0,-92419.0,33.1
SMEAN_d18_5min_trail2.5h0_rth,SMEAN,5min,rth,5088,32.6,-352.4,-663.1,-28193.0,-50489.0,33.2
SMEAN_d18_5min_trail2.5h15_all,SMEAN,5min,all,20320,130.1,-763.1,-1152.6,-61047.0,-87761.0,20.3
SMEAN_d18_5min_trail2.5h15_rth,SMEAN,5min,rth,10249,65.6,-477.7,-595.0,-38215.0,-45307.0,16.7
SMEAN_d18_5min_trail4.0h0_all,SMEAN,5min,all,5634,36.1,-207.7,-509.1,-16619.0,-38766.0,34.8
SMEAN_d18_5min_trail4.0h0_rth,SMEAN,5min,rth,2557,16.4,-129.8,-288.5,-10387.0,-21970.0,36.1
SMEAN_d18_5min_trail4.0h15_all,SMEAN,5min,all,13774,88.2,-413.5,-591.9,-33078.0,-45072.0,15.2
SMEAN_d18_5min_trail4.0h15_rth,SMEAN,5min,rth,7851,50.3,-289.4,-340.2,-23154.0,-25907.0,12.2
SMEAN_d28_5min_time30h0_all,SMEAN,5min,all,4919,31.5,-225.5,-214.4,-18042.0,-16321.0,49.0
SMEAN_d28_5min_time30h0_rth,SMEAN,5min,rth,2225,14.2,-40.2,-215.5,-3218.0,-16406.0,48.8
SMEAN_d28_5min_time30h15_all,SMEAN,5min,all,15064,96.5,-285.6,-388.9,-22844.0,-29609.0,15.8
SMEAN_d28_5min_time30h15_rth,SMEAN,5min,rth,8397,53.8,-181.5,-269.3,-14521.0,-20502.0,13.1
SMEAN_d28_5min_time60h0_all,SMEAN,5min,all,2774,17.8,-65.9,-126.4,-5274.0,-9625.0,48.3
SMEAN_d28_5min_time60h0_rth,SMEAN,5min,rth,1490,9.5,-69.2,-133.6,-5539.0,-10173.0,49.4
SMEAN_d28_5min_time60h15_all,SMEAN,5min,all,11634,74.5,-271.9,-157.0,-21749.0,-11954.0,11.6
SMEAN_d28_5min_time60h15_rth,SMEAN,5min,rth,7035,45.1,-189.9,-195.9,-15195.0,-14914.0,10.1
SMEAN_d28_5min_time120h0_all,SMEAN,5min,all,1539,9.9,-176.4,-43.0,-14112.0,-3276.0,49.0
SMEAN_d28_5min_time120h0_rth,SMEAN,5min,rth,770,4.9,-80.1,-59.4,-6406.0,-4526.0,47.0
SMEAN_d28_5min_time120h15_all,SMEAN,5min,all,9304,59.6,-268.1,-264.3,-21452.0,-20124.0,7.9
SMEAN_d28_5min_time120h15_rth,SMEAN,5min,rth,6399,41.0,-225.5,-171.5,-18039.0,-13061.0,8.0
SMEAN_d28_5min_trail2.5h0_all,SMEAN,5min,all,10494,67.2,-514.1,-1165.8,-41130.0,-88771.0,33.5
SMEAN_d28_5min_trail2.5h0_rth,SMEAN,5min,rth,4862,31.1,-396.5,-692.0,-31719.0,-52689.0,32.8
SMEAN_d28_5min_trail2.5h15_all,SMEAN,5min,all,18173,116.4,-654.1,-1133.6,-52332.0,-86315.0,19.5
SMEAN_d28_5min_trail2.5h15_rth,SMEAN,5min,rth,9872,63.2,-444.6,-615.8,-35567.0,-46889.0,16.5
SMEAN_d28_5min_trail4.0h0_all,SMEAN,5min,all,5017,32.1,-245.5,-464.9,-19639.0,-35400.0,35.1
SMEAN_d28_5min_trail4.0h0_rth,SMEAN,5min,rth,2482,15.9,-135.5,-309.1,-10841.0,-23538.0,36.1
SMEAN_d28_5min_trail4.0h15_all,SMEAN,5min,all,12783,81.9,-376.4,-587.4,-30110.0,-44730.0,14.5
SMEAN_d28_5min_trail4.0h15_rth,SMEAN,5min,rth,7659,49.1,-268.5,-374.9,-21480.0,-28546.0,12.1
ODRIVE30_5min_time30h0_all,ODRIVE30,5min,all,2500,16.0,98.8,22.9,7904.0,1745.0,50.0
ODRIVE30_5min_time30h0_rth,ODRIVE30,5min,rth,2049,13.1,119.1,21.9,9526.0,1664.0,51.0
ODRIVE30_5min_time30h15_all,ODRIVE30,5min,all,6610,42.3,-35.0,60.2,-2803.0,4587.0,15.4
ODRIVE30_5min_time30h15_rth,ODRIVE30,5min,rth,5840,37.4,-29.7,9.7,-2380.0,740.0,14.1
ODRIVE30_5min_time60h0_all,ODRIVE30,5min,all,1428,9.1,171.5,103.0,13718.0,7844.0,51.5
ODRIVE30_5min_time60h0_rth,ODRIVE30,5min,rth,1393,8.9,176.7,115.9,14138.0,8822.0,51.7
ODRIVE30_5min_time60h15_all,ODRIVE30,5min,all,5311,34.0,16.0,66.2,1276.0,5038.0,12.5
ODRIVE30_5min_time60h15_rth,ODRIVE30,5min,rth,4809,30.8,1.1,11.6,89.0,887.0,11.3
ODRIVE30_5min_time120h0_all,ODRIVE30,5min,all,766,4.9,144.7,61.6,11578.0,4687.0,51.6
ODRIVE30_5min_time120h0_rth,ODRIVE30,5min,rth,763,4.9,144.7,56.5,11578.0,4303.0,51.6
ODRIVE30_5min_time120h15_all,ODRIVE30,5min,all,4589,29.4,29.8,43.8,2386.0,3332.0,9.8
ODRIVE30_5min_time120h15_rth,ODRIVE30,5min,rth,4380,28.1,12.2,-11.6,977.0,-885.0,9.3
ODRIVE30_5min_trail2.5h0_all,ODRIVE30,5min,all,4155,26.6,-112.7,-98.9,-9015.0,-7532.0,36.8
ODRIVE30_5min_trail2.5h0_rth,ODRIVE30,5min,rth,3403,21.8,-99.5,-116.5,-7958.0,-8874.0,36.9
ODRIVE30_5min_trail2.5h15_all,ODRIVE30,5min,all,7705,49.3,-221.6,-166.2,-17725.0,-12651.0,18.8
ODRIVE30_5min_trail2.5h15_rth,ODRIVE30,5min,rth,6692,42.9,-200.0,-192.7,-16003.0,-14671.0,17.3
ODRIVE30_5min_trail4.0h0_all,ODRIVE30,5min,all,2264,14.5,11.7,73.9,939.0,5625.0,39.0
ODRIVE30_5min_trail4.0h0_rth,ODRIVE30,5min,rth,1858,11.9,33.4,57.9,2675.0,4409.0,40.3
ODRIVE30_5min_trail4.0h15_all,ODRIVE30,5min,all,5817,37.3,-71.5,0.8,-5724.0,59.0,14.8
ODRIVE30_5min_trail4.0h15_rth,ODRIVE30,5min,rth,5166,33.1,-55.9,-63.0,-4475.0,-4799.0,13.6
GAPF_g20_5min_time30h0_all,GAPF,5min,all,713,4.6,630.5,1003.4,50442.0,76401.0,80.1
GAPF_g20_5min_time30h0_rth,GAPF,5min,rth,713,4.6,630.5,1003.4,50442.0,76401.0,80.1
GAPF_g20_5min_time30h15_all,GAPF,5min,all,1013,6.5,168.5,173.4,13482.0,13203.0,18.1
GAPF_g20_5min_time30h15_rth,GAPF,5min,rth,1013,6.5,168.5,173.4,13482.0,13203.0,18.1
GAPF_g20_5min_time60h0_all,GAPF,5min,all,713,4.6,934.1,1411.8,74727.0,107502.0,89.5
GAPF_g20_5min_time60h0_rth,GAPF,5min,rth,713,4.6,934.1,1411.8,74727.0,107502.0,89.5
GAPF_g20_5min_time60h15_all,GAPF,5min,all,1013,6.5,217.4,201.2,17389.0,15324.0,17.0
GAPF_g20_5min_time60h15_rth,GAPF,5min,rth,1013,6.5,217.4,201.2,17389.0,15324.0,17.0
GAPF_g20_5min_time120h0_all,GAPF,5min,all,713,4.6,1141.3,1785.6,91307.0,135964.0,92.4
GAPF_g20_5min_time120h0_rth,GAPF,5min,rth,713,4.6,1141.3,1785.6,91307.0,135964.0,92.4
GAPF_g20_5min_time120h15_all,GAPF,5min,all,1013,6.5,246.6,202.4,19725.0,15410.0,15.8
GAPF_g20_5min_time120h15_rth,GAPF,5min,rth,1013,6.5,246.6,202.4,19725.0,15410.0,15.8
GAPF_g20_5min_trail2.5h0_all,GAPF,5min,all,830,5.3,51.8,30.5,4146.0,2323.0,38.8
GAPF_g20_5min_trail2.5h0_rth,GAPF,5min,rth,830,5.3,51.8,30.5,4146.0,2323.0,38.8
GAPF_g20_5min_trail2.5h15_all,GAPF,5min,all,1061,6.8,9.3,-61.5,743.0,-4681.0,21.8
GAPF_g20_5min_trail2.5h15_rth,GAPF,5min,rth,1061,6.8,9.3,-61.5,743.0,-4681.0,21.8
GAPF_g20_5min_trail4.0h0_all,GAPF,5min,all,718,4.6,466.4,595.0,37310.0,45303.0,59.7
GAPF_g20_5min_trail4.0h0_rth,GAPF,5min,rth,718,4.6,466.4,595.0,37310.0,45303.0,59.7
GAPF_g20_5min_trail4.0h15_all,GAPF,5min,all,1015,6.5,142.4,122.7,11393.0,9339.0,17.9
GAPF_g20_5min_trail4.0h15_rth,GAPF,5min,rth,1015,6.5,142.4,122.7,11393.0,9339.0,17.9
GAPC_g20_5min_time30h0_all,GAPC,5min,all,713,4.6,-653.0,-1025.9,-52237.0,-78113.0,19.2
GAPC_g20_5min_time30h0_rth,GAPC,5min,rth,713,4.6,-653.0,-1025.9,-52237.0,-78113.0,19.2
GAPC_g20_5min_time30h15_all,GAPC,5min,all,1031,6.6,-183.3,-174.5,-14667.0,-13288.0,2.4
GAPC_g20_5min_time30h15_rth,GAPC,5min,rth,1031,6.6,-183.3,-174.5,-14667.0,-13288.0,2.4
GAPC_g20_5min_time60h0_all,GAPC,5min,all,713,4.6,-956.5,-1434.3,-76522.0,-109214.0,10.2
GAPC_g20_5min_time60h0_rth,GAPC,5min,rth,713,4.6,-956.5,-1434.3,-76522.0,-109214.0,10.2
GAPC_g20_5min_time60h15_all,GAPC,5min,all,1031,6.6,-202.3,-201.4,-16183.0,-15332.0,0.9
GAPC_g20_5min_time60h15_rth,GAPC,5min,rth,1031,6.6,-202.3,-201.4,-16183.0,-15332.0,0.9
GAPC_g20_5min_time120h0_all,GAPC,5min,all,713,4.6,-1163.7,-1808.2,-93098.0,-137681.0,7.4
GAPC_g20_5min_time120h0_rth,GAPC,5min,rth,713,4.6,-1163.7,-1808.2,-93098.0,-137681.0,7.4
GAPC_g20_5min_time120h15_all,GAPC,5min,all,1031,6.6,-205.4,-212.6,-16434.0,-16188.0,0.3
GAPC_g20_5min_time120h15_rth,GAPC,5min,rth,1031,6.6,-205.4,-212.6,-16434.0,-16188.0,0.3
GAPC_g20_5min_trail2.5h0_all,GAPC,5min,all,830,5.3,-243.7,-270.5,-19498.0,-20595.0,20.6
GAPC_g20_5min_trail2.5h0_rth,GAPC,5min,rth,830,5.3,-243.7,-270.5,-19498.0,-20595.0,20.6
GAPC_g20_5min_trail2.5h15_all,GAPC,5min,all,1070,6.9,-158.7,-141.0,-12693.0,-10738.0,11.9
GAPC_g20_5min_trail2.5h15_rth,GAPC,5min,rth,1070,6.9,-158.7,-141.0,-12693.0,-10738.0,11.9
GAPC_g20_5min_trail4.0h0_all,GAPC,5min,all,718,4.6,-465.7,-613.4,-37259.0,-46708.0,10.2
GAPC_g20_5min_trail4.0h0_rth,GAPC,5min,rth,718,4.6,-465.7,-613.4,-37259.0,-46708.0,10.2
GAPC_g20_5min_trail4.0h15_all,GAPC,5min,all,1033,6.6,-181.1,-181.2,-14490.0,-13794.0,3.2
GAPC_g20_5min_trail4.0h15_rth,GAPC,5min,rth,1033,6.6,-181.1,-181.2,-14490.0,-13794.0,3.2
GAPF_g40_5min_time30h0_all,GAPF,5min,all,641,4.1,633.2,978.8,50654.0,74526.0,83.0
GAPF_g40_5min_time30h0_rth,GAPF,5min,rth,641,4.1,633.2,978.8,50654.0,74526.0,83.0
GAPF_g40_5min_time30h15_all,GAPF,5min,all,904,5.8,189.8,170.1,15186.0,12951.0,18.1
GAPF_g40_5min_time30h15_rth,GAPF,5min,rth,904,5.8,189.8,170.1,15186.0,12951.0,18.1
GAPF_g40_5min_time60h0_all,GAPF,5min,all,641,4.1,932.4,1396.2,74593.0,106310.0,92.5
GAPF_g40_5min_time60h0_rth,GAPF,5min,rth,641,4.1,932.4,1396.2,74593.0,106310.0,92.5
GAPF_g40_5min_time60h15_all,GAPF,5min,all,904,5.8,241.6,206.5,19325.0,15721.0,17.8
GAPF_g40_5min_time60h15_rth,GAPF,5min,rth,904,5.8,241.6,206.5,19325.0,15721.0,17.8
GAPF_g40_5min_time120h0_all,GAPF,5min,all,641,4.1,1126.6,1794.1,90128.0,136608.0,94.7
GAPF_g40_5min_time120h0_rth,GAPF,5min,rth,641,4.1,1126.6,1794.1,90128.0,136608.0,94.7
GAPF_g40_5min_time120h15_all,GAPF,5min,all,904,5.8,269.9,216.6,21588.0,16493.0,17.0
GAPF_g40_5min_time120h15_rth,GAPF,5min,rth,904,5.8,269.9,216.6,21588.0,16493.0,17.0
GAPF_g40_5min_trail2.5h0_all,GAPF,5min,all,741,4.7,63.5,51.9,5078.0,3955.0,38.9
GAPF_g40_5min_trail2.5h0_rth,GAPF,5min,rth,741,4.7,63.5,51.9,5078.0,3955.0,38.9
GAPF_g40_5min_trail2.5h15_all,GAPF,5min,all,943,6.0,20.9,-54.7,1669.0,-4166.0,21.3
GAPF_g40_5min_trail2.5h15_rth,GAPF,5min,rth,943,6.0,20.9,-54.7,1669.0,-4166.0,21.3
GAPF_g40_5min_trail4.0h0_all,GAPF,5min,all,646,4.1,490.5,613.4,39241.0,46703.0,62.7
GAPF_g40_5min_trail4.0h0_rth,GAPF,5min,rth,646,4.1,490.5,613.4,39241.0,46703.0,62.7
GAPF_g40_5min_trail4.0h15_all,GAPF,5min,all,906,5.8,169.6,126.7,13568.0,9650.0,18.4
GAPF_g40_5min_trail4.0h15_rth,GAPF,5min,rth,906,5.8,169.6,126.7,13568.0,9650.0,18.4
GAPC_g40_5min_time30h0_all,GAPC,5min,all,641,4.1,-652.9,-999.4,-52234.0,-76100.0,16.7
GAPC_g40_5min_time30h0_rth,GAPC,5min,rth,641,4.1,-652.9,-999.4,-52234.0,-76100.0,16.7
GAPC_g40_5min_time30h15_all,GAPC,5min,all,917,5.9,-163.0,-159.0,-13040.0,-12107.0,2.2
GAPC_g40_5min_time30h15_rth,GAPC,5min,rth,917,5.9,-163.0,-159.0,-13040.0,-12107.0,2.2
GAPC_g40_5min_time60h0_all,GAPC,5min,all,641,4.1,-952.2,-1416.9,-76173.0,-107885.0,7.3
GAPC_g40_5min_time60h0_rth,GAPC,5min,rth,641,4.1,-952.2,-1416.9,-76173.0,-107885.0,7.3
GAPC_g40_5min_time60h15_all,GAPC,5min,all,917,5.9,-176.0,-182.9,-14079.0,-13927.0,0.8
GAPC_g40_5min_time60h15_rth,GAPC,5min,rth,917,5.9,-176.0,-182.9,-14079.0,-13927.0,0.8
GAPC_g40_5min_time120h0_all,GAPC,5min,all,641,4.1,-1146.3,-1814.8,-91702.0,-138187.0,5.3
GAPC_g40_5min_time120h0_rth,GAPC,5min,rth,641,4.1,-1146.3,-1814.8,-91702.0,-138187.0,5.3
GAPC_g40_5min_time120h15_all,GAPC,5min,all,917,5.9,-178.2,-194.2,-14259.0,-14788.0,0.2
GAPC_g40_5min_time120h15_rth,GAPC,5min,rth,917,5.9,-178.2,-194.2,-14259.0,-14788.0,0.2
GAPC_g40_5min_trail2.5h0_all,GAPC,5min,all,741,4.7,-216.7,-259.0,-17334.0,-19720.0,20.2
GAPC_g40_5min_trail2.5h0_rth,GAPC,5min,rth,741,4.7,-216.7,-259.0,-17334.0,-19720.0,20.2
GAPC_g40_5min_trail2.5h15_all,GAPC,5min,all,952,6.1,-138.0,-130.6,-11038.0,-9943.0,11.6
GAPC_g40_5min_trail2.5h15_rth,GAPC,5min,rth,952,6.1,-138.0,-130.6,-11038.0,-9943.0,11.6
GAPC_g40_5min_trail4.0h0_all,GAPC,5min,all,646,4.1,-437.2,-579.1,-34977.0,-44091.0,9.3
GAPC_g40_5min_trail4.0h0_rth,GAPC,5min,rth,646,4.1,-437.2,-579.1,-34977.0,-44091.0,9.3
GAPC_g40_5min_trail4.0h15_all,GAPC,5min,all,919,5.9,-157.5,-164.2,-12602.0,-12505.0,3.0
GAPC_g40_5min_trail4.0h15_rth,GAPC,5min,rth,919,5.9,-157.5,-164.2,-12602.0,-12505.0,3.0
EMAPB_5min_time30h0_all,EMAPB,5min,all,5768,36.9,-32.4,-72.0,-2588.0,-5485.0,49.1
EMAPB_5min_time30h0_rth,EMAPB,5min,rth,2153,13.8,-61.2,256.9,-4895.0,19564.0,50.1
EMAPB_5min_time30h15_all,EMAPB,5min,all,14057,90.0,-170.2,-153.4,-13618.0,-11683.0,19.3
EMAPB_5min_time30h15_rth,EMAPB,5min,rth,6577,42.1,-66.5,-30.5,-5317.0,-2324.0,13.9
EMAPB_5min_time60h0_all,EMAPB,5min,all,3174,20.3,152.4,-98.2,12189.0,-7477.0,49.3
EMAPB_5min_time60h0_rth,EMAPB,5min,rth,1472,9.4,-89.8,136.9,-7183.0,10423.0,49.2
EMAPB_5min_time60h15_all,EMAPB,5min,all,10614,68.0,-80.4,-31.4,-6432.0,-2392.0,14.0
EMAPB_5min_time60h15_rth,EMAPB,5min,rth,5610,35.9,-25.8,17.8,-2063.0,1353.0,10.9
EMAPB_5min_time120h0_all,EMAPB,5min,all,1676,10.7,28.7,42.1,2298.0,3203.0,48.5
EMAPB_5min_time120h0_rth,EMAPB,5min,rth,774,5.0,-41.9,97.1,-3352.0,7395.0,49.6
EMAPB_5min_time120h15_all,EMAPB,5min,all,7970,51.0,-10.3,87.3,-822.0,6645.0,9.7
EMAPB_5min_time120h15_rth,EMAPB,5min,rth,5161,33.1,2.0,18.2,162.0,1383.0,9.1
EMAPB_5min_trail2.5h0_all,EMAPB,5min,all,12054,77.2,-551.9,-641.8,-44154.0,-48870.0,34.7
EMAPB_5min_trail2.5h0_rth,EMAPB,5min,rth,4078,26.1,-282.2,-187.1,-22579.0,-14245.0,35.2
EMAPB_5min_trail2.5h15_all,EMAPB,5min,all,18031,115.5,-649.9,-703.0,-51995.0,-53529.0,22.8
EMAPB_5min_trail2.5h15_rth,EMAPB,5min,rth,7572,48.5,-285.7,-271.8,-22856.0,-20697.0,17.6
EMAPB_5min_trail4.0h0_all,EMAPB,5min,all,5584,35.8,-247.7,-288.3,-19818.0,-21949.0,34.8
EMAPB_5min_trail4.0h0_rth,EMAPB,5min,rth,2181,14.0,-122.8,-63.0,-9825.0,-4794.0,37.7
EMAPB_5min_trail4.0h15_all,EMAPB,5min,all,11941,76.5,-279.0,-206.4,-22322.0,-15715.0,17.2
EMAPB_5min_trail4.0h15_rth,EMAPB,5min,rth,6015,38.5,-96.9,-98.2,-7755.0,-7477.0,13.5
NRB_5min_time30h0_all,NRB,5min,all,5341,34.2,-42.8,-238.7,-3420.0,-18176.0,48.2
NRB_5min_time30h0_rth,NRB,5min,rth,1977,12.7,77.0,-67.1,6164.0,-5107.0,49.7
NRB_5min_time30h15_all,NRB,5min,all,9660,61.9,-114.7,-161.8,-9176.0,-12320.0,20.8
NRB_5min_time30h15_rth,NRB,5min,rth,4002,25.6,-66.5,-97.4,-5323.0,-7414.0,15.0
NRB_5min_time60h0_all,NRB,5min,all,3044,19.5,17.9,-103.4,1430.0,-7871.0,48.8
NRB_5min_time60h0_rth,NRB,5min,rth,1418,9.1,69.5,-11.3,5562.0,-861.0,50.0
NRB_5min_time60h15_all,NRB,5min,all,7834,50.2,-30.1,-120.3,-2405.0,-9160.0,14.6
NRB_5min_time60h15_rth,NRB,5min,rth,3596,23.0,-9.0,-115.5,-717.0,-8797.0,11.7
NRB_5min_time120h0_all,NRB,5min,all,1636,10.5,-18.3,106.0,-1462.0,8072.0,50.1
NRB_5min_time120h0_rth,NRB,5min,rth,775,5.0,135.1,173.5,10812.0,13213.0,52.9
NRB_5min_time120h15_all,NRB,5min,all,6350,40.7,43.7,-38.3,3495.0,-2914.0,10.0
NRB_5min_time120h15_rth,NRB,5min,rth,3454,22.1,-1.3,-45.5,-107.0,-3467.0,10.2
NRB_5min_trail2.5h0_all,NRB,5min,all,8646,55.4,-333.3,-403.4,-26667.0,-30719.0,34.8
NRB_5min_trail2.5h0_rth,NRB,5min,rth,2781,17.8,-101.9,-142.5,-8150.0,-10852.0,37.0
NRB_5min_trail2.5h15_all,NRB,5min,all,11080,71.0,-335.7,-455.8,-26853.0,-34706.0,23.8
NRB_5min_trail2.5h15_rth,NRB,5min,rth,4207,26.9,-128.6,-198.4,-10288.0,-15110.0,18.7
NRB_5min_trail4.0h0_all,NRB,5min,all,4846,31.0,-173.8,-230.0,-13903.0,-17509.0,34.3
NRB_5min_trail4.0h0_rth,NRB,5min,rth,1825,11.7,16.9,-105.7,1353.0,-8049.0,37.9
NRB_5min_trail4.0h15_all,NRB,5min,all,8344,53.4,-169.5,-255.0,-13558.0,-19415.0,17.7
NRB_5min_trail4.0h15_rth,NRB,5min,rth,3754,24.0,-80.8,-168.7,-6462.0,-12847.0,13.8
HTFA_k2.5_5min_time30h0_all,HTFA,5min,all,1494,9.6,35.7,-12.6,2854.0,-963.0,50.1
HTFA_k2.5_5min_time30h0_rth,HTFA,5min,rth,663,4.2,51.4,-65.2,4114.0,-4965.0,52.8
HTFA_k2.5_5min_time30h15_all,HTFA,5min,all,1729,11.1,11.5,17.9,918.0,1364.0,17.9
HTFA_k2.5_5min_time30h15_rth,HTFA,5min,rth,766,4.9,47.1,39.1,3769.0,2973.0,15.4
HTFA_k2.5_5min_time60h0_all,HTFA,5min,all,1308,8.4,31.8,40.1,2545.0,3056.0,51.1
HTFA_k2.5_5min_time60h0_rth,HTFA,5min,rth,626,4.0,82.5,11.2,6600.0,852.0,53.4
HTFA_k2.5_5min_time60h15_all,HTFA,5min,all,1688,10.8,20.1,12.1,1604.0,921.0,14.8
HTFA_k2.5_5min_time60h15_rth,HTFA,5min,rth,763,4.9,63.2,48.7,5058.0,3708.0,13.6
HTFA_k2.5_5min_time120h0_all,HTFA,5min,all,928,5.9,50.4,-121.6,4034.0,-9262.0,51.7
HTFA_k2.5_5min_time120h0_rth,HTFA,5min,rth,557,3.6,112.5,-23.9,8998.0,-1819.0,53.7
HTFA_k2.5_5min_time120h15_all,HTFA,5min,all,1587,10.2,14.2,34.9,1140.0,2660.0,9.9
HTFA_k2.5_5min_time120h15_rth,HTFA,5min,rth,756,4.8,63.4,36.3,5070.0,2761.0,11.8
HTFA_k2.5_5min_trail2.5h0_all,HTFA,5min,all,1764,11.3,-125.7,-166.7,-10056.0,-12695.0,32.8
HTFA_k2.5_5min_trail2.5h0_rth,HTFA,5min,rth,767,4.9,-73.2,-99.2,-5857.0,-7550.0,33.4
HTFA_k2.5_5min_trail2.5h15_all,HTFA,5min,all,1819,11.6,-101.6,-119.5,-8131.0,-9102.0,21.8
HTFA_k2.5_5min_trail2.5h15_rth,HTFA,5min,rth,797,5.1,-38.7,-52.2,-3094.0,-3974.0,19.9
HTFA_k2.5_5min_trail4.0h0_all,HTFA,5min,all,1520,9.7,15.1,3.2,1211.0,245.0,35.2
HTFA_k2.5_5min_trail4.0h0_rth,HTFA,5min,rth,666,4.3,68.5,33.4,5479.0,2546.0,40.4
HTFA_k2.5_5min_trail4.0h15_all,HTFA,5min,all,1716,11.0,-34.2,-3.3,-2736.0,-252.0,16.8
HTFA_k2.5_5min_trail4.0h15_rth,HTFA,5min,rth,766,4.9,28.3,17.0,2266.0,1298.0,14.8
