tag,side,entry_ts,exit_ts,entry_px,exit_px,stop_px,target_px,exit_reason,hold_bars_actual,pnl_pts,pnl_usd
HOLD_SESSION_22to14_LONG,LONG,2024-03-10 22:23:00+00:00,2024-03-11 14:00:00+00:00,17986.367,17894.984,,,timeout,937,-91.38299999999799,-183.505999999996
HOLD_SESSION_22to14_LONG,LONG,2024-03-11 22:00:00+00:00,2024-03-12 14:06:00+00:00,17990.022,18063.783,,,timeout,960,73.7609999999986,146.7819999999972
HOLD_SESSION_22to14_LONG,LONG,2024-03-12 22:00:00+00:00,2024-03-13 14:06:00+00:00,18207.712,18076.633,,,timeout,960,-131.0789999999979,-262.8979999999958
HOLD_SESSION_22to14_LONG,LONG,2024-03-13 22:00:00+00:00,2024-03-14 14:06:00+00:00,18091.028,18006.289,,,timeout,960,-84.73899999999776,-170.21799999999553
HOLD_SESSION_22to14_LONG,LONG,2024-03-14 22:00:00+00:00,2024-03-15 14:09:00+00:00,18005.412,17822.133,,,timeout,960,-183.27899999999863,-367.2979999999973
HOLD_SESSION_22to14_LONG,LONG,2024-03-17 22:07:00+00:00,2024-03-18 14:00:00+00:00,17848.178,18043.739,,,timeout,953,195.5610000000015,390.382000000003
HOLD_SESSION_22to14_LONG,LONG,2024-03-18 22:00:00+00:00,2024-03-19 14:05:00+00:00,17965.0,17864.539,,,timeout,960,-100.46099999999933,-201.66199999999867
HOLD_SESSION_22to14_LONG,LONG,2024-03-19 22:00:00+00:00,2024-03-20 14:04:00+00:00,18022.401,18012.139,,,timeout,960,-10.262000000002445,-21.264000000004888
HOLD_SESSION_22to14_LONG,LONG,2024-03-20 22:00:00+00:00,2024-03-21 14:07:00+00:00,18292.128,18401.444,,,timeout,960,109.3159999999989,217.89199999999778
HOLD_SESSION_22to14_LONG,LONG,2024-03-21 22:00:00+00:00,2024-03-22 14:06:00+00:00,18341.406,18326.173,,,timeout,960,-15.233000000000175,-31.206000000000348
HOLD_SESSION_22to14_LONG,LONG,2024-03-24 22:06:00+00:00,2024-03-25 14:00:00+00:00,18341.619,18246.989,,,timeout,954,-94.62999999999738,-189.99999999999477
HOLD_SESSION_22to14_LONG,LONG,2024-03-25 22:00:00+00:00,2024-03-26 14:07:00+00:00,18303.533,18373.283,,,timeout,960,69.75,138.76
HOLD_SESSION_22to14_LONG,LONG,2024-03-26 22:00:00+00:00,2024-03-27 14:06:00+00:00,18252.767,18194.239,,,timeout,960,-58.52799999999843,-117.79599999999685
HOLD_SESSION_22to14_LONG,LONG,2024-03-27 22:00:00+00:00,2024-03-28 14:07:00+00:00,18291.206,18285.65,,,timeout,960,-5.555999999996857,-11.851999999993714
HOLD_SESSION_22to14_LONG,LONG,2024-03-31 22:03:00+00:00,2024-04-01 14:00:00+00:00,18317.38,18377.755,,,timeout,957,60.375,120.01
HOLD_SESSION_22to14_LONG,LONG,2024-04-01 22:00:00+00:00,2024-04-02 14:06:00+00:00,18287.351,18040.156,,,timeout,960,-247.1949999999997,-495.1299999999994
HOLD_SESSION_22to14_LONG,LONG,2024-04-02 22:07:00+00:00,2024-04-03 14:00:00+00:00,18130.9,18115.594,,,timeout,953,-15.306000000000495,-31.352000000000988
HOLD_SESSION_22to14_LONG,LONG,2024-04-03 22:00:00+00:00,2024-04-04 14:06:00+00:00,18189.867,18321.506,,,timeout,960,131.63900000000285,262.5380000000057
HOLD_SESSION_22to14_LONG,LONG,2024-04-04 22:00:00+00:00,2024-04-05 14:06:00+00:00,17901.905,18018.533,,,timeout,960,116.62800000000061,232.5160000000012
HOLD_SESSION_22to14_LONG,LONG,2024-04-07 22:06:00+00:00,2024-04-08 14:00:00+00:00,18136.353,18109.072,,,timeout,954,-27.28099999999904,-55.30199999999808
HOLD_SESSION_22to14_LONG,LONG,2024-04-08 22:00:00+00:00,2024-04-09 14:11:00+00:00,18124.499,18148.283,,,timeout,960,23.78399999999965,46.8279999999993
HOLD_SESSION_22to14_LONG,LONG,2024-04-09 22:07:00+00:00,2024-04-10 14:00:00+00:00,18192.499,17980.929,,,timeout,953,-211.5699999999997,-423.8799999999994
HOLD_SESSION_22to14_LONG,LONG,2024-04-10 22:07:00+00:00,2024-04-11 14:00:00+00:00,17987.101,18066.612,,,timeout,953,79.51100000000224,158.28200000000447
HOLD_SESSION_22to14_LONG,LONG,2024-04-11 22:07:00+00:00,2024-04-12 14:00:00+00:00,18305.016,18156.223,,,timeout,953,-148.79299999999785,-298.3259999999957
HOLD_SESSION_22to14_LONG,LONG,2024-04-14 22:07:00+00:00,2024-04-15 14:00:00+00:00,18005.217,18145.65,,,timeout,953,140.4330000000009,280.1260000000018
HOLD_SESSION_22to14_LONG,LONG,2024-04-15 22:07:00+00:00,2024-04-16 14:12:00+00:00,17713.933,17730.122,,,timeout,953,16.188999999998487,31.637999999996975
HOLD_SESSION_22to14_LONG,LONG,2024-04-16 22:07:00+00:00,2024-04-17 14:00:00+00:00,17748.522,17713.433,,,timeout,953,-35.08899999999994,-70.91799999999988
HOLD_SESSION_22to14_LONG,LONG,2024-04-17 22:06:00+00:00,2024-04-18 14:00:00+00:00,17526.116,17449.666,,,timeout,954,-76.45000000000073,-153.64000000000146
HOLD_SESSION_22to14_LONG,LONG,2024-04-18 22:08:00+00:00,2024-04-19 14:00:00+00:00,17394.501,17312.166,,,timeout,952,-82.33499999999913,-165.40999999999826
HOLD_SESSION_22to14_LONG,LONG,2024-04-21 22:08:00+00:00,2024-04-22 14:00:00+00:00,17080.255,17154.566,,,timeout,952,74.31099999999788,147.88199999999574
HOLD_SESSION_22to14_LONG,LONG,2024-04-22 22:07:00+00:00,2024-04-23 14:00:00+00:00,17216.428,17354.65,,,timeout,953,138.22200000000157,275.70400000000313
HOLD_SESSION_22to14_LONG,LONG,2024-04-23 22:07:00+00:00,2024-04-24 14:00:00+00:00,17539.21,17608.855,,,timeout,953,69.64500000000044,138.55000000000086
HOLD_SESSION_22to14_LONG,LONG,2024-04-24 22:07:00+00:00,2024-04-25 14:00:00+00:00,17340.988,17212.444,,,timeout,953,-128.5440000000017,-257.8280000000034
HOLD_SESSION_22to14_LONG,LONG,2024-04-25 22:07:00+00:00,2024-04-26 14:00:00+00:00,17638.122,17664.412,,,timeout,953,26.290000000000873,51.840000000001744
HOLD_SESSION_22to14_LONG,LONG,2024-04-28 22:46:00+00:00,2024-04-29 14:00:00+00:00,17733.033,17753.534,,,timeout,914,20.501000000000204,40.262000000000405
HOLD_SESSION_22to14_LONG,LONG,2024-04-29 22:07:00+00:00,2024-04-30 14:00:00+00:00,17786.789,17746.761,,,timeout,953,-40.028000000002066,-80.79600000000413
HOLD_SESSION_22to14_LONG,LONG,2024-04-30 22:06:00+00:00,2024-05-01 14:00:00+00:00,17371.084,17341.745,,,timeout,954,-29.338999999999942,-59.417999999999886
HOLD_SESSION_22to14_LONG,LONG,2024-05-01 22:07:00+00:00,2024-05-02 14:00:00+00:00,17396.71,17388.183,,,timeout,953,-8.526999999998225,-17.793999999996448
HOLD_SESSION_22to14_LONG,LONG,2024-05-02 22:07:00+00:00,2024-05-03 14:00:00+00:00,17618.19,17871.65,,,timeout,953,253.46000000000276,506.1800000000055
HOLD_SESSION_22to14_LONG,LONG,2024-05-05 22:07:00+00:00,2024-05-06 14:00:00+00:00,17928.978,17993.438,,,timeout,953,64.45999999999913,128.17999999999824
HOLD_SESSION_22to14_LONG,LONG,2024-05-06 22:06:00+00:00,2024-05-07 14:00:00+00:00,18074.117,18090.288,,,timeout,954,16.171000000002095,31.602000000004193
HOLD_SESSION_22to14_LONG,LONG,2024-05-07 22:07:00+00:00,2024-05-08 14:00:00+00:00,18088.394,18069.649,,,timeout,953,-18.74499999999898,-38.229999999997965
HOLD_SESSION_22to14_LONG,LONG,2024-05-08 22:07:00+00:00,2024-05-09 14:00:00+00:00,18066.8,18064.622,,,timeout,953,-2.1779999999998836,-5.095999999999767
HOLD_SESSION_22to14_LONG,LONG,2024-05-09 22:07:00+00:00,2024-05-10 14:00:00+00:00,18126.921,18210.644,,,timeout,953,83.72300000000178,166.70600000000354
HOLD_SESSION_22to14_LONG,LONG,2024-05-12 22:07:00+00:00,2024-05-13 14:00:00+00:00,18143.005,18192.511,,,timeout,953,49.505999999997584,98.27199999999517
HOLD_SESSION_22to14_LONG,LONG,2024-05-13 22:07:00+00:00,2024-05-14 14:00:00+00:00,18192.084,18195.572,,,timeout,953,3.4880000000011933,6.236000000002386
HOLD_SESSION_22to14_LONG,LONG,2024-05-14 22:07:00+00:00,2024-05-15 14:00:00+00:00,18319.367,18404.738,,,timeout,953,85.37100000000282,170.00200000000564
HOLD_SESSION_22to14_LONG,LONG,2024-05-15 22:07:00+00:00,2024-05-16 14:00:00+00:00,18603.789,18620.717,,,timeout,953,16.927999999999884,33.115999999999765
HOLD_SESSION_22to14_LONG,LONG,2024-05-16 22:07:00+00:00,2024-05-17 14:00:00+00:00,18557.028,18555.56,,,timeout,953,-1.4679999999971187,-3.6759999999942377
HOLD_SESSION_22to14_LONG,LONG,2024-05-19 22:08:00+00:00,2024-05-20 14:00:00+00:00,18568.639,18657.261,,,timeout,952,88.62199999999939,176.50399999999877
HOLD_SESSION_22to14_LONG,LONG,2024-05-20 22:07:00+00:00,2024-05-21 14:00:00+00:00,18668.193,18631.545,,,timeout,953,-36.64800000000105,-74.03600000000209
HOLD_SESSION_22to14_LONG,LONG,2024-05-21 22:07:00+00:00,2024-05-22 14:00:00+00:00,18717.695,18738.145,,,timeout,953,20.450000000000728,40.16000000000145
HOLD_SESSION_22to14_LONG,LONG,2024-05-22 22:07:00+00:00,2024-05-23 14:00:00+00:00,18778.883,18800.033,,,timeout,953,21.149999999997817,41.55999999999563
HOLD_SESSION_22to14_LONG,LONG,2024-05-23 22:06:00+00:00,2024-05-24 14:00:00+00:00,18620.834,18722.482,,,timeout,954,101.64800000000105,202.5560000000021
HOLD_SESSION_22to14_LONG,LONG,2024-05-26 22:08:00+00:00,2024-05-27 14:08:00+00:00,18815.295,18807.056,,,timeout,952,-8.238999999997759,-17.217999999995516
HOLD_SESSION_22to14_LONG,LONG,2024-05-27 22:06:00+00:00,2024-05-28 14:00:00+00:00,18862.2,18785.022,,,timeout,954,-77.17799999999988,-155.09599999999978
HOLD_SESSION_22to14_LONG,LONG,2024-05-28 22:07:00+00:00,2024-05-29 14:00:00+00:00,18873.478,18764.238,,,timeout,953,-109.23999999999796,-219.21999999999593
HOLD_SESSION_22to14_LONG,LONG,2024-05-29 22:08:00+00:00,2024-05-30 14:00:00+00:00,18685.883,18673.773,,,timeout,952,-12.110000000000582,-24.960000000001163
HOLD_SESSION_22to14_LONG,LONG,2024-05-30 22:07:00+00:00,2024-05-31 14:00:00+00:00,18508.906,18464.183,,,timeout,953,-44.72299999999814,-90.18599999999627
HOLD_SESSION_22to14_LONG,LONG,2024-06-02 22:07:00+00:00,2024-06-03 14:00:00+00:00,18498.316,18655.567,,,timeout,953,157.2510000000002,313.7620000000004
HOLD_SESSION_22to14_LONG,LONG,2024-06-03 22:07:00+00:00,2024-06-04 14:00:00+00:00,18612.706,18585.906,,,timeout,953,-26.799999999999272,-54.33999999999855
HOLD_SESSION_22to14_LONG,LONG,2024-06-04 22:07:00+00:00,2024-06-05 14:00:00+00:00,18660.856,18808.417,,,timeout,953,147.5610000000015,294.382000000003
HOLD_SESSION_22to14_LONG,LONG,2024-06-05 22:06:00+00:00,2024-06-06 14:00:00+00:00,19039.361,19001.073,,,timeout,954,-38.288000000000466,-77.31600000000093
HOLD_SESSION_22to14_LONG,LONG,2024-06-06 22:07:00+00:00,2024-06-07 14:00:00+00:00,19033.905,19000.011,,,timeout,953,-33.89400000000023,-68.52800000000046
HOLD_SESSION_22to14_LONG,LONG,2024-06-09 22:07:00+00:00,2024-06-10 14:00:00+00:00,19005.022,18957.983,,,timeout,953,-47.03900000000067,-94.81800000000133
HOLD_SESSION_22to14_LONG,LONG,2024-06-10 22:09:00+00:00,2024-06-11 14:00:00+00:00,19067.195,19014.522,,,timeout,951,-52.672999999998865,-106.08599999999772
HOLD_SESSION_22to14_LONG,LONG,2024-06-11 22:07:00+00:00,2024-06-12 14:00:00+00:00,19204.61,19459.338,,,timeout,953,254.72799999999916,508.7159999999983
HOLD_SESSION_22to14_LONG,LONG,2024-06-12 22:08:00+00:00,2024-06-13 14:00:00+00:00,19565.332,19618.789,,,timeout,952,53.457000000002154,106.17400000000431
HOLD_SESSION_22to14_LONG,LONG,2024-06-13 22:07:00+00:00,2024-06-14 14:00:00+00:00,19577.928,19593.773,,,timeout,953,15.845000000001164,30.95000000000233
HOLD_SESSION_22to14_LONG,LONG,2024-06-16 22:06:00+00:00,2024-06-17 14:00:00+00:00,19671.489,19667.077,,,timeout,954,-4.412000000000262,-9.564000000000524
HOLD_SESSION_22to14_LONG,LONG,2024-06-17 22:00:00+00:00,2024-06-18 14:06:00+00:00,19902.317,19914.249,,,timeout,960,11.932000000000698,23.1240000000014
HOLD_SESSION_22to14_LONG,LONG,2024-06-18 22:07:00+00:00,2024-06-19 14:00:00+00:00,19927.117,19949.462,,,timeout,953,22.345000000001164,43.950000000002326
HOLD_SESSION_22to14_LONG,LONG,2024-06-19 22:07:00+00:00,2024-06-20 14:00:00+00:00,19950.978,19942.884,,,timeout,953,-8.09400000000096,-16.92800000000192
HOLD_SESSION_22to14_LONG,LONG,2024-06-20 22:08:00+00:00,2024-06-21 14:00:00+00:00,19786.283,19702.267,,,timeout,952,-84.01599999999962,-168.77199999999925
HOLD_SESSION_22to14_LONG,LONG,2024-06-23 22:07:00+00:00,2024-06-24 14:00:00+00:00,19737.577,19685.878,,,timeout,953,-51.699000000000524,-104.13800000000104
HOLD_SESSION_22to14_LONG,LONG,2024-06-24 22:07:00+00:00,2024-06-25 14:00:00+00:00,19492.083,19582.061,,,timeout,953,89.9780000000028,179.21600000000558
HOLD_SESSION_22to14_LONG,LONG,2024-06-25 22:07:00+00:00,2024-06-26 14:00:00+00:00,19716.288,19702.433,,,timeout,953,-13.854999999999563,-28.449999999999125
HOLD_SESSION_22to14_LONG,LONG,2024-06-26 22:07:00+00:00,2024-06-27 14:00:00+00:00,19697.811,19811.033,,,timeout,953,113.22199999999793,225.70399999999586
HOLD_SESSION_22to14_LONG,LONG,2024-06-27 22:07:00+00:00,2024-06-28 14:00:00+00:00,19816.393,19919.355,,,timeout,953,102.96199999999953,205.18399999999906
HOLD_SESSION_22to14_LONG,LONG,2024-06-30 22:06:00+00:00,2024-07-01 14:03:00+00:00,19726.005,19661.255,,,timeout,954,-64.75,-130.24
HOLD_SESSION_22to14_LONG,LONG,2024-07-01 22:00:00+00:00,2024-07-02 14:05:00+00:00,19804.894,19835.85,,,timeout,960,30.955999999998312,61.17199999999662
HOLD_SESSION_22to14_LONG,LONG,2024-07-02 22:05:00+00:00,2024-07-03 14:00:00+00:00,19995.69,20010.762,,,timeout,955,15.072000000000116,29.404000000000234
HOLD_SESSION_22to14_LONG,LONG,2024-07-03 22:00:00+00:00,2024-07-04 14:11:00+00:00,20175.683,20141.844,,,timeout,960,-33.83899999999994,-68.41799999999988
HOLD_SESSION_22to14_LONG,LONG,2024-07-04 22:00:00+00:00,2024-07-05 14:05:00+00:00,20145.289,20306.683,,,timeout,960,161.39400000000023,322.04800000000046
HOLD_SESSION_22to14_LONG,LONG,2024-07-07 22:03:00+00:00,2024-07-08 14:00:00+00:00,20368.044,20381.844,,,timeout,957,13.799999999999272,26.859999999998546
HOLD_SESSION_22to14_LONG,LONG,2024-07-08 22:05:00+00:00,2024-07-09 14:00:00+00:00,20457.101,20521.666,,,timeout,955,64.56500000000233,128.39000000000465
HOLD_SESSION_22to14_LONG,LONG,2024-07-09 22:06:00+00:00,2024-07-10 14:00:00+00:00,20466.912,20536.55,,,timeout,954,69.63799999999901,138.535999999998
HOLD_SESSION_22to14_LONG,LONG,2024-07-10 22:06:00+00:00,2024-07-11 14:09:00+00:00,20675.401,20590.506,,,timeout,954,-84.89500000000044,-170.53000000000088
HOLD_SESSION_22to14_LONG,LONG,2024-07-11 22:00:00+00:00,2024-07-12 14:05:00+00:00,20217.084,20345.133,,,timeout,960,128.0490000000027,255.3580000000054
HOLD_SESSION_22to14_LONG,LONG,2024-07-14 22:05:00+00:00,2024-07-15 14:00:00+00:00,20334.0,20432.416,,,timeout,955,98.41600000000108,196.09200000000214
HOLD_SESSION_22to14_LONG,LONG,2024-07-15 22:05:00+00:00,2024-07-16 14:00:00+00:00,20434.989,20373.845,,,timeout,955,-61.14400000000023,-123.02800000000046
HOLD_SESSION_22to14_LONG,LONG,2024-07-16 22:00:00+00:00,2024-07-17 14:05:00+00:00,20383.572,19964.439,,,timeout,960,-419.13300000000163,-839.0060000000033
HOLD_SESSION_22to14_LONG,LONG,2024-07-17 22:00:00+00:00,2024-07-18 14:05:00+00:00,19841.789,19900.033,,,timeout,960,58.24399999999878,115.74799999999756
HOLD_SESSION_22to14_LONG,LONG,2024-07-18 22:00:00+00:00,2024-07-19 18:35:00+00:00,19778.217,19507.193,,,timeout,960,-271.02400000000125,-542.7880000000025
HOLD_SESSION_22to14_LONG,LONG,2024-07-21 22:06:00+00:00,2024-07-22 14:00:00+00:00,19590.989,19779.105,,,timeout,954,188.11599999999817,375.4919999999963
HOLD_SESSION_22to14_LONG,LONG,2024-07-22 22:05:00+00:00,2024-07-23 14:00:00+00:00,19809.016,19840.162,,,timeout,955,31.14600000000064,61.55200000000128
HOLD_SESSION_22to14_LONG,LONG,2024-07-23 22:06:00+00:00,2024-07-24 14:00:00+00:00,19660.9,19331.039,,,timeout,954,-329.8610000000008,-660.4620000000016
HOLD_SESSION_22to14_LONG,LONG,2024-07-24 22:00:00+00:00,2024-07-25 14:05:00+00:00,19098.911,18847.345,,,timeout,960,-251.5659999999989,-503.8719999999978
HOLD_SESSION_22to14_LONG,LONG,2024-07-25 22:00:00+00:00,2024-07-26 14:04:00+00:00,18847.595,18959.234,,,timeout,960,111.63899999999921,222.53799999999842
HOLD_SESSION_22to14_LONG,LONG,2024-07-28 22:03:00+00:00,2024-07-29 14:00:00+00:00,19065.446,19226.367,,,timeout,957,160.92099999999846,321.1019999999969
HOLD_SESSION_22to14_LONG,LONG,2024-07-29 22:00:00+00:00,2024-07-30 14:00:00+00:00,19070.206,19067.761,,,timeout,960,-2.444999999999709,-5.629999999999418
HOLD_SESSION_22to14_LONG,LONG,2024-07-30 22:01:00+00:00,2024-07-31 14:00:00+00:00,18731.044,19251.439,,,timeout,959,520.3949999999968,1040.0499999999936
HOLD_SESSION_22to14_LONG,LONG,2024-07-31 22:06:00+00:00,2024-08-01 14:00:00+00:00,19492.995,19485.027,,,timeout,954,-7.968000000000757,-16.676000000001512
HOLD_SESSION_22to14_LONG,LONG,2024-08-01 22:00:00+00:00,2024-08-02 14:31:00+00:00,18827.394,18387.768,,,timeout,960,-439.6260000000002,-879.9920000000004
HOLD_SESSION_22to14_LONG,LONG,2024-08-04 22:06:00+00:00,2024-08-05 14:02:00+00:00,18156.588,17955.039,,,timeout,954,-201.54899999999907,-403.83799999999815
HOLD_SESSION_22to14_LONG,LONG,2024-08-05 22:00:00+00:00,2024-08-06 14:06:00+00:00,18060.8,18056.868,,,timeout,960,-3.9320000000006985,-8.604000000001397
HOLD_SESSION_22to14_LONG,LONG,2024-08-06 22:00:00+00:00,2024-08-07 14:06:00+00:00,17925.889,18402.684,,,timeout,960,476.7950000000019,952.8500000000038
HOLD_SESSION_22to14_LONG,LONG,2024-08-07 22:00:00+00:00,2024-08-08 14:05:00+00:00,17780.727,18159.368,,,timeout,960,378.6409999999996,756.5419999999992
HOLD_SESSION_22to14_LONG,LONG,2024-08-08 22:00:00+00:00,2024-08-09 14:05:00+00:00,18450.588,18384.657,,,timeout,960,-65.9310000000005,-132.602000000001
HOLD_SESSION_22to14_LONG,LONG,2024-08-11 22:05:00+00:00,2024-08-12 14:00:00+00:00,18555.84,18443.929,,,timeout,955,-111.91100000000006,-224.56200000000013
HOLD_SESSION_22to14_LONG,LONG,2024-08-12 22:00:00+00:00,2024-08-13 14:04:00+00:00,18551.056,18815.407,,,timeout,960,264.35099999999875,527.9619999999975
HOLD_SESSION_22to14_LONG,LONG,2024-08-13 22:00:00+00:00,2024-08-14 14:05:00+00:00,19005.317,18948.834,,,timeout,960,-56.483000000000175,-113.70600000000034
HOLD_SESSION_22to14_LONG,LONG,2024-08-14 22:00:00+00:00,2024-08-15 14:05:00+00:00,19048.084,19330.74,,,timeout,960,282.6560000000027,564.5720000000053
HOLD_SESSION_22to14_LONG,LONG,2024-08-15 22:06:00+00:00,2024-08-16 14:00:00+00:00,19478.933,19431.362,,,timeout,954,-47.57099999999991,-95.88199999999982
HOLD_SESSION_22to14_LONG,LONG,2024-08-18 22:03:00+00:00,2024-08-19 14:00:00+00:00,19578.573,19505.673,,,timeout,957,-72.90000000000146,-146.54000000000292
HOLD_SESSION_22to14_LONG,LONG,2024-08-19 22:00:00+00:00,2024-08-20 14:05:00+00:00,19774.883,19800.056,,,timeout,960,25.172999999998865,49.60599999999773
HOLD_SESSION_22to14_LONG,LONG,2024-08-20 22:06:00+00:00,2024-08-21 14:00:00+00:00,19715.834,19811.89,,,timeout,954,96.0560000000005,191.37200000000098
HOLD_SESSION_22to14_LONG,LONG,2024-08-21 22:06:00+00:00,2024-08-22 14:00:00+00:00,19829.516,19885.907,,,timeout,954,56.39099999999962,112.04199999999925
HOLD_SESSION_22to14_LONG,LONG,2024-08-22 22:05:00+00:00,2024-08-23 14:00:00+00:00,19546.3,19741.489,,,timeout,955,195.18900000000212,389.63800000000424
HOLD_SESSION_22to14_LONG,LONG,2024-08-25 22:06:00+00:00,2024-08-26 14:00:00+00:00,19741.018,19644.062,,,timeout,954,-96.95599999999831,-194.65199999999663
HOLD_SESSION_22to14_LONG,LONG,2024-08-26 22:06:00+00:00,2024-08-27 14:00:00+00:00,19498.872,19477.855,,,timeout,954,-21.016999999999825,-42.77399999999965
HOLD_SESSION_22to14_LONG,LONG,2024-08-27 22:07:00+00:00,2024-08-28 14:00:00+00:00,19574.638,19470.568,,,timeout,953,-104.06999999999971,-208.87999999999943
HOLD_SESSION_22to14_LONG,LONG,2024-08-28 22:00:00+00:00,2024-08-29 14:05:00+00:00,19141.777,19538.335,,,timeout,960,396.5580000000009,792.3760000000018
HOLD_SESSION_22to14_LONG,LONG,2024-08-29 22:07:00+00:00,2024-08-30 14:00:00+00:00,19371.983,19560.65,,,timeout,953,188.66700000000128,376.59400000000255
HOLD_SESSION_22to14_LONG,LONG,2024-09-01 22:06:00+00:00,2024-09-02 14:00:00+00:00,19566.272,19567.272,,,timeout,954,1.0,1.26
HOLD_SESSION_22to14_LONG,LONG,2024-09-02 22:01:00+00:00,2024-09-03 14:00:00+00:00,19612.467,19291.762,,,timeout,959,-320.70500000000175,-642.1500000000035
HOLD_SESSION_22to14_LONG,LONG,2024-09-03 22:05:00+00:00,2024-09-04 14:00:00+00:00,18934.389,18808.779,,,timeout,955,-125.61000000000058,-251.96000000000117
HOLD_SESSION_22to14_LONG,LONG,2024-09-04 22:05:00+00:00,2024-09-05 14:00:00+00:00,18933.694,19050.095,,,timeout,955,116.40100000000166,232.0620000000033
HOLD_SESSION_22to14_LONG,LONG,2024-09-05 22:05:00+00:00,2024-09-06 14:00:00+00:00,18899.91,18696.95,,,timeout,955,-202.95999999999913,-406.65999999999826
HOLD_SESSION_22to14_LONG,LONG,2024-09-08 22:06:00+00:00,2024-09-09 14:11:00+00:00,18386.268,18681.59,,,timeout,954,295.3220000000001,589.9040000000002
HOLD_SESSION_22to14_LONG,LONG,2024-09-09 22:07:00+00:00,2024-09-10 14:00:00+00:00,18705.399,18743.189,,,timeout,953,37.789999999997235,74.83999999999448
HOLD_SESSION_22to14_LONG,LONG,2024-09-10 22:06:00+00:00,2024-09-11 14:00:00+00:00,18804.689,18730.784,,,timeout,954,-73.90499999999884,-148.54999999999768
HOLD_SESSION_22to14_LONG,LONG,2024-09-11 22:06:00+00:00,2024-09-12 14:00:00+00:00,19215.589,19229.44,,,timeout,954,13.850999999998749,26.9619999999975
HOLD_SESSION_22to14_LONG,LONG,2024-09-12 22:06:00+00:00,2024-09-13 14:00:00+00:00,19409.495,19442.262,,,timeout,954,32.766999999999825,64.79399999999966
HOLD_SESSION_22to14_LONG,LONG,2024-09-15 22:29:00+00:00,2024-09-16 14:00:00+00:00,19467.663,19435.224,,,timeout,931,-32.439000000002125,-65.61800000000424
HOLD_SESSION_22to14_LONG,LONG,2024-09-16 22:00:00+00:00,2024-09-17 14:00:00+00:00,19417.783,19502.724,,,timeout,960,84.9409999999989,169.14199999999778
HOLD_SESSION_22to14_LONG,LONG,2024-09-17 22:06:00+00:00,2024-09-18 14:00:00+00:00,19442.3,19460.355,,,timeout,954,18.05500000000029,35.37000000000058
HOLD_SESSION_22to14_LONG,LONG,2024-09-18 22:05:00+00:00,2024-09-19 14:00:00+00:00,19417.417,19765.768,,,timeout,955,348.35099999999875,695.9619999999975
HOLD_SESSION_22to14_LONG,LONG,2024-09-19 22:06:00+00:00,2024-09-20 14:00:00+00:00,19830.1,19750.823,,,timeout,954,-79.27699999999822,-159.29399999999646
HOLD_SESSION_22to14_LONG,LONG,2024-09-22 22:06:00+00:00,2024-09-23 14:00:00+00:00,19770.838,19841.346,,,timeout,954,70.50800000000163,140.27600000000325
HOLD_SESSION_22to14_LONG,LONG,2024-09-23 22:06:00+00:00,2024-09-24 14:00:00+00:00,19832.3,19815.662,,,timeout,954,-16.63799999999901,-34.01599999999802
HOLD_SESSION_22to14_LONG,LONG,2024-09-24 22:05:00+00:00,2024-09-25 14:00:00+00:00,19955.91,20006.246,,,timeout,955,50.33599999999933,99.93199999999867
HOLD_SESSION_22to14_LONG,LONG,2024-09-25 22:06:00+00:00,2024-09-26 14:00:00+00:00,20018.606,20196.356,,,timeout,954,177.75,354.76
HOLD_SESSION_22to14_LONG,LONG,2024-09-26 22:05:00+00:00,2024-09-27 14:00:00+00:00,20134.584,20121.035,,,timeout,955,-13.548999999999069,-27.837999999998136
HOLD_SESSION_22to14_LONG,LONG,2024-09-29 22:04:00+00:00,2024-09-30 14:00:00+00:00,19970.183,19986.84,,,timeout,956,16.656999999999243,32.573999999998485
HOLD_SESSION_22to14_LONG,LONG,2024-09-30 22:06:00+00:00,2024-10-01 14:00:00+00:00,20017.8,19840.473,,,timeout,954,-177.3269999999975,-355.393999999995
HOLD_SESSION_22to14_LONG,LONG,2024-10-01 22:06:00+00:00,2024-10-02 14:00:00+00:00,19721.389,19719.285,,,timeout,954,-2.1039999999993597,-4.94799999999872
HOLD_SESSION_22to14_LONG,LONG,2024-10-02 22:06:00+00:00,2024-10-03 14:00:00+00:00,19857.139,19853.785,,,timeout,954,-3.3539999999993597,-7.44799999999872
HOLD_SESSION_22to14_LONG,LONG,2024-10-03 22:06:00+00:00,2024-10-04 14:00:00+00:00,19751.817,19881.135,,,timeout,954,129.3179999999993,257.8959999999986
HOLD_SESSION_22to14_LONG,LONG,2024-10-06 22:05:00+00:00,2024-10-07 14:00:00+00:00,20049.484,19930.734,,,timeout,955,-118.75,-238.24
HOLD_SESSION_22to14_LONG,LONG,2024-10-07 22:07:00+00:00,2024-10-08 14:00:00+00:00,19827.45,19999.15,,,timeout,953,171.70000000000073,342.66000000000145
HOLD_SESSION_22to14_LONG,LONG,2024-10-08 22:06:00+00:00,2024-10-09 14:00:00+00:00,20096.051,20080.55,,,timeout,954,-15.501000000000204,-31.742000000000406
HOLD_SESSION_22to14_LONG,LONG,2024-10-09 22:05:00+00:00,2024-10-10 15:05:00+00:00,20250.105,20199.056,,,timeout,955,-51.04899999999907,-102.83799999999813
HOLD_SESSION_22to14_LONG,LONG,2024-10-10 22:06:00+00:00,2024-10-11 14:00:00+00:00,20250.089,20162.884,,,timeout,954,-87.20500000000175,-175.1500000000035
HOLD_SESSION_22to14_LONG,LONG,2024-10-13 22:07:00+00:00,2024-10-14 14:00:00+00:00,20238.317,20487.773,,,timeout,953,249.45600000000195,498.1720000000039
HOLD_SESSION_22to14_LONG,LONG,2024-10-14 22:03:00+00:00,2024-10-15 14:00:00+00:00,20460.995,20452.318,,,timeout,957,-8.67699999999968,-18.093999999999358
HOLD_SESSION_22to14_LONG,LONG,2024-10-15 22:06:00+00:00,2024-10-16 14:00:00+00:00,20146.528,20045.34,,,timeout,954,-101.18799999999828,-203.11599999999657
HOLD_SESSION_22to14_LONG,LONG,2024-10-16 22:07:00+00:00,2024-10-17 14:00:00+00:00,20155.817,20262.552,,,timeout,953,106.73500000000058,212.73000000000116
HOLD_SESSION_22to14_LONG,LONG,2024-10-17 22:04:00+00:00,2024-10-18 14:00:00+00:00,20219.316,20328.957,,,timeout,956,109.64099999999962,218.54199999999923
HOLD_SESSION_22to14_LONG,LONG,2024-10-20 22:05:00+00:00,2024-10-21 14:00:00+00:00,20346.134,20330.535,,,timeout,955,-15.598999999998341,-31.93799999999668
HOLD_SESSION_22to14_LONG,LONG,2024-10-21 22:05:00+00:00,2024-10-22 14:00:00+00:00,20379.195,20299.956,,,timeout,955,-79.2390000000014,-159.2180000000028
HOLD_SESSION_22to14_LONG,LONG,2024-10-22 22:06:00+00:00,2024-10-23 14:00:00+00:00,20353.84,20266.743,,,timeout,954,-87.09700000000157,-174.93400000000315
HOLD_SESSION_22to14_LONG,LONG,2024-10-23 22:07:00+00:00,2024-10-24 14:00:00+00:00,20143.389,20190.35,,,timeout,953,46.96099999999933,93.18199999999867
HOLD_SESSION_22to14_LONG,LONG,2024-10-24 22:06:00+00:00,2024-10-25 14:00:00+00:00,20236.906,20517.417,,,timeout,954,280.51100000000224,560.2820000000045
HOLD_SESSION_22to14_LONG,LONG,2024-10-27 22:06:00+00:00,2024-10-28 14:07:00+00:00,20457.716,20424.822,,,timeout,954,-32.89400000000023,-66.52800000000046
HOLD_SESSION_22to14_LONG,LONG,2024-10-28 22:05:00+00:00,2024-10-29 14:00:00+00:00,20367.527,20369.433,,,timeout,955,1.9060000000026776,3.072000000005355
HOLD_SESSION_22to14_LONG,LONG,2024-10-29 22:06:00+00:00,2024-10-30 14:00:00+00:00,20591.143,20501.556,,,timeout,954,-89.58699999999953,-179.91399999999908
HOLD_SESSION_22to14_LONG,LONG,2024-10-30 22:06:00+00:00,2024-10-31 14:00:00+00:00,20314.7,20022.667,,,timeout,954,-292.03299999999945,-584.8059999999989
HOLD_SESSION_22to14_LONG,LONG,2024-10-31 22:05:00+00:00,2024-11-01 14:00:00+00:00,19955.994,20039.345,,,timeout,955,83.35100000000239,165.96200000000476
HOLD_SESSION_22to14_LONG,LONG,2025-03-09 22:04:00+00:00,2025-03-10 14:00:00+00:00,20077.073,19734.323,,,timeout,956,-342.75,-686.24
HOLD_SESSION_22to14_LONG,LONG,2025-03-10 22:05:00+00:00,2025-03-11 14:00:00+00:00,19413.811,19551.05,,,timeout,955,137.23899999999776,273.7379999999955
HOLD_SESSION_22to14_LONG,LONG,2025-03-11 22:07:00+00:00,2025-03-12 14:00:00+00:00,19397.399,19603.555,,,timeout,953,206.15599999999904,411.57199999999807
HOLD_SESSION_22to14_LONG,LONG,2025-03-12 22:06:00+00:00,2025-03-13 14:00:00+00:00,19567.912,19346.255,,,timeout,954,-221.65699999999924,-444.0539999999985
HOLD_SESSION_22to14_LONG,LONG,2025-03-13 22:07:00+00:00,2025-03-14 14:00:00+00:00,19315.117,19474.639,,,timeout,953,159.52200000000084,318.3040000000017
HOLD_SESSION_22to14_LONG,LONG,2025-03-16 22:07:00+00:00,2025-03-17 14:00:00+00:00,19617.86,19773.306,,,timeout,953,155.4459999999999,310.1519999999998
HOLD_SESSION_22to14_LONG,LONG,2025-03-17 22:06:00+00:00,2025-03-18 14:00:00+00:00,19838.177,19437.077,,,timeout,954,-401.09999999999854,-802.9399999999971
HOLD_SESSION_22to14_LONG,LONG,2025-03-18 22:07:00+00:00,2025-03-19 14:00:00+00:00,19484.489,19626.672,,,timeout,953,142.18299999999726,283.6259999999945
HOLD_SESSION_22to14_LONG,LONG,2025-03-19 22:06:00+00:00,2025-03-20 14:00:00+00:00,19745.8,19762.722,,,timeout,954,16.9220000000023,33.104000000004596
HOLD_SESSION_22to14_LONG,LONG,2025-03-20 22:06:00+00:00,2025-03-21 14:00:00+00:00,19693.694,19516.578,,,timeout,954,-177.11599999999817,-354.97199999999634
HOLD_SESSION_22to14_LONG,LONG,2025-03-23 22:06:00+00:00,2025-03-24 14:00:00+00:00,19881.187,20108.228,,,timeout,954,227.04099999999744,453.34199999999487
HOLD_SESSION_22to14_LONG,LONG,2025-03-24 22:06:00+00:00,2025-03-25 14:00:00+00:00,20157.622,20206.149,,,timeout,954,48.52700000000186,96.31400000000373
HOLD_SESSION_22to14_LONG,LONG,2025-03-25 22:06:00+00:00,2025-03-26 14:00:00+00:00,20315.927,20135.001,,,timeout,954,-180.92599999999948,-362.59199999999896
HOLD_SESSION_22to14_LONG,LONG,2025-03-26 22:00:00+00:00,2025-03-27 14:05:00+00:00,19825.19,19884.728,,,timeout,960,59.538000000000466,118.33600000000094
HOLD_SESSION_22to14_LONG,LONG,2025-03-27 22:06:00+00:00,2025-03-28 14:00:00+00:00,19808.605,19665.745,,,timeout,954,-142.86000000000058,-286.4600000000012
HOLD_SESSION_22to14_LONG,LONG,2025-03-30 22:04:00+00:00,2025-03-31 14:00:00+00:00,19116.078,18938.555,,,timeout,956,-177.52300000000105,-355.7860000000021
HOLD_SESSION_22to14_LONG,LONG,2025-03-31 22:00:00+00:00,2025-04-01 14:05:00+00:00,19237.278,19219.417,,,timeout,960,-17.860999999997148,-36.4619999999943
HOLD_SESSION_22to14_LONG,LONG,2025-04-01 22:00:00+00:00,2025-04-02 14:05:00+00:00,19428.984,19425.839,,,timeout,960,-3.1450000000004366,-7.030000000000873
HOLD_SESSION_22to14_LONG,LONG,2025-04-02 22:06:00+00:00,2025-04-03 14:00:00+00:00,18779.724,18806.451,,,timeout,954,26.72700000000259,52.71400000000518
HOLD_SESSION_22to14_LONG,LONG,2025-04-03 22:06:00+00:00,2025-04-04 14:00:00+00:00,18525.916,18024.867,,,timeout,954,-501.0490000000027,-1002.8380000000054
HOLD_SESSION_22to14_LONG,LONG,2025-04-06 22:09:00+00:00,2025-04-07 14:00:00+00:00,16540.195,17199.611,,,timeout,951,659.4160000000011,1318.0920000000021
HOLD_SESSION_22to14_LONG,LONG,2025-04-07 22:03:00+00:00,2025-04-08 14:00:00+00:00,17522.895,18131.384,,,timeout,957,608.4889999999978,1216.2379999999955
HOLD_SESSION_22to14_LONG,LONG,2025-04-08 22:03:00+00:00,2025-04-09 14:00:00+00:00,16980.528,17407.961,,,timeout,957,427.4330000000009,854.1260000000018
HOLD_SESSION_22to14_LONG,LONG,2025-04-09 22:05:00+00:00,2025-04-10 14:00:00+00:00,19105.41,18499.771,,,timeout,955,-605.6389999999992,-1212.0179999999984
HOLD_SESSION_22to14_LONG,LONG,2025-04-10 22:06:00+00:00,2025-04-11 14:00:00+00:00,18403.989,18385.465,,,timeout,954,-18.52400000000125,-37.788000000002505
HOLD_SESSION_22to14_LONG,LONG,2025-04-13 22:05:00+00:00,2025-04-14 14:00:00+00:00,18912.305,18909.567,,,timeout,955,-2.7380000000011933,-6.216000000002387
HOLD_SESSION_22to14_LONG,LONG,2025-04-14 22:04:00+00:00,2025-04-15 14:00:00+00:00,18757.371,18935.767,,,timeout,956,178.39600000000064,356.05200000000127
HOLD_SESSION_22to14_LONG,LONG,2025-04-15 22:06:00+00:00,2025-04-16 14:00:00+00:00,18603.7,18401.351,,,timeout,954,-202.34900000000198,-405.43800000000397
HOLD_SESSION_22to14_LONG,LONG,2025-04-16 22:06:00+00:00,2025-04-17 14:00:00+00:00,18300.549,18346.34,,,timeout,954,45.79100000000108,90.84200000000216
HOLD_SESSION_22to14_LONG,LONG,2025-04-20 22:05:00+00:00,2025-04-21 14:00:00+00:00,18172.012,17852.522,,,timeout,955,-319.48999999999796,-639.7199999999959
HOLD_SESSION_22to14_LONG,LONG,2025-04-21 22:06:00+00:00,2025-04-22 14:00:00+00:00,17784.516,18145.283,,,timeout,954,360.7669999999998,720.7939999999996
HOLD_SESSION_22to14_LONG,LONG,2025-04-22 22:05:00+00:00,2025-04-23 14:00:00+00:00,18602.789,18933.755,,,timeout,955,330.96600000000035,661.1920000000007
HOLD_SESSION_22to14_LONG,LONG,2025-04-23 22:05:00+00:00,2025-04-24 14:00:00+00:00,18666.344,18953.707,,,timeout,955,287.36299999999756,573.9859999999951
HOLD_SESSION_22to14_LONG,LONG,2025-04-24 22:01:00+00:00,2025-04-25 14:00:00+00:00,19273.895,19213.766,,,timeout,959,-60.129000000000815,-120.99800000000162
HOLD_SESSION_22to14_LONG,LONG,2025-04-27 22:03:00+00:00,2025-04-28 14:00:00+00:00,19369.306,19342.561,,,timeout,957,-26.74499999999898,-54.229999999997965
HOLD_SESSION_22to14_LONG,LONG,2025-04-28 22:01:00+00:00,2025-04-29 14:00:00+00:00,19376.698,19387.917,,,timeout,959,11.21900000000096,21.698000000001922
HOLD_SESSION_22to14_LONG,LONG,2025-04-29 22:07:00+00:00,2025-04-30 14:00:00+00:00,19479.667,19070.656,,,timeout,953,-409.01100000000224,-818.7620000000045
HOLD_SESSION_22to14_LONG,LONG,2025-04-30 22:04:00+00:00,2025-05-01 14:00:00+00:00,19779.999,19809.428,,,timeout,956,29.429000000000087,58.11800000000017
HOLD_SESSION_22to14_LONG,LONG,2025-05-01 22:06:00+00:00,2025-05-02 14:00:00+00:00,19680.617,19974.883,,,timeout,954,294.26600000000326,587.7920000000065
HOLD_SESSION_22to14_LONG,LONG,2025-05-04 22:06:00+00:00,2025-05-05 14:00:00+00:00,20049.016,19998.067,,,timeout,954,-50.949000000000524,-102.63800000000104
HOLD_SESSION_22to14_LONG,LONG,2025-05-05 22:06:00+00:00,2025-05-06 14:00:00+00:00,19930.622,19661.86,,,timeout,954,-268.7619999999988,-538.2639999999976
HOLD_SESSION_22to14_LONG,LONG,2025-05-06 22:05:00+00:00,2025-05-07 14:00:00+00:00,20014.061,19840.244,,,timeout,955,-173.81700000000274,-348.3740000000055
HOLD_SESSION_22to14_LONG,LONG,2025-05-07 22:07:00+00:00,2025-05-08 14:00:00+00:00,19846.333,20021.177,,,timeout,953,174.84400000000096,348.9480000000019
HOLD_SESSION_22to14_LONG,LONG,2025-05-08 22:06:00+00:00,2025-05-09 14:00:00+00:00,20074.849,20175.749,,,timeout,954,100.90000000000146,201.0600000000029
HOLD_SESSION_22to14_LONG,LONG,2025-05-11 22:06:00+00:00,2025-05-12 14:00:00+00:00,20333.696,20693.439,,,timeout,954,359.7429999999986,718.7459999999971
HOLD_SESSION_22to14_LONG,LONG,2025-05-12 22:06:00+00:00,2025-05-13 14:00:00+00:00,20878.961,21040.577,,,timeout,954,161.6160000000018,322.4920000000036
HOLD_SESSION_22to14_LONG,LONG,2025-05-13 22:06:00+00:00,2025-05-14 14:00:00+00:00,21178.739,21233.06,,,timeout,954,54.32099999999991,107.90199999999983
HOLD_SESSION_22to14_LONG,LONG,2025-05-14 22:05:00+00:00,2025-05-15 14:00:00+00:00,21284.488,21233.66,,,timeout,955,-50.82800000000134,-102.39600000000267
HOLD_SESSION_22to14_LONG,LONG,2025-05-15 22:06:00+00:00,2025-05-16 14:00:00+00:00,21315.283,21329.294,,,timeout,954,14.011000000002241,27.282000000004484
HOLD_SESSION_22to14_LONG,LONG,2025-05-18 22:04:00+00:00,2025-05-19 14:00:00+00:00,21271.684,21275.272,,,timeout,956,3.587999999999738,6.435999999999476
HOLD_SESSION_22to14_LONG,LONG,2025-05-19 22:06:00+00:00,2025-05-20 14:00:00+00:00,21429.999,21318.255,,,timeout,954,-111.74399999999878,-224.22799999999756
HOLD_SESSION_22to14_LONG,LONG,2025-05-20 22:05:00+00:00,2025-05-21 14:00:00+00:00,21308.822,21293.294,,,timeout,955,-15.527999999998428,-31.795999999996855
HOLD_SESSION_22to14_LONG,LONG,2025-05-21 22:06:00+00:00,2025-05-22 14:00:00+00:00,21082.304,21219.94,,,timeout,954,137.6359999999986,274.5319999999972
HOLD_SESSION_22to14_LONG,LONG,2025-05-22 22:05:00+00:00,2025-05-23 14:00:00+00:00,21145.872,20830.111,,,timeout,955,-315.7609999999986,-632.2619999999972
HOLD_SESSION_22to14_LONG,LONG,2025-05-25 22:07:00+00:00,2025-05-26 14:00:00+00:00,20979.4,21219.067,,,timeout,953,239.66699999999764,478.5939999999953
HOLD_SESSION_22to14_LONG,LONG,2025-05-27 22:06:00+00:00,2025-05-28 14:01:00+00:00,21410.127,21427.594,,,timeout,954,17.467000000000553,34.194000000001104
HOLD_SESSION_22to14_LONG,LONG,2025-05-28 22:01:00+00:00,2025-05-29 14:00:00+00:00,21445.589,21456.684,,,timeout,959,11.095000000001164,21.45000000000233
HOLD_SESSION_22to14_LONG,LONG,2025-05-29 22:07:00+00:00,2025-05-30 14:00:00+00:00,21311.901,21251.367,,,timeout,953,-60.53400000000329,-121.80800000000657
HOLD_SESSION_22to14_LONG,LONG,2025-06-01 22:06:00+00:00,2025-06-02 14:00:00+00:00,21264.349,21199.345,,,timeout,954,-65.00399999999718,-130.74799999999436
HOLD_SESSION_22to14_LONG,LONG,2025-06-02 22:04:00+00:00,2025-06-03 14:00:00+00:00,21498.844,21571.839,,,timeout,956,72.99499999999898,145.24999999999795
HOLD_SESSION_22to14_LONG,LONG,2025-06-03 22:06:00+00:00,2025-06-04 14:00:00+00:00,21661.244,21686.044,,,timeout,954,24.80000000000291,48.86000000000582
HOLD_SESSION_22to14_LONG,LONG,2025-06-04 22:06:00+00:00,2025-06-05 14:00:00+00:00,21712.877,21702.677,,,timeout,954,-10.200000000000728,-21.140000000001454
HOLD_SESSION_22to14_LONG,LONG,2025-06-05 22:06:00+00:00,2025-06-06 14:07:00+00:00,21463.722,21801.644,,,timeout,954,337.92199999999866,675.1039999999973
HOLD_SESSION_22to14_LONG,LONG,2025-06-08 22:03:00+00:00,2025-06-09 14:00:00+00:00,21775.801,21780.849,,,timeout,957,5.047999999998865,9.35599999999773
HOLD_SESSION_22to14_LONG,LONG,2025-06-09 22:06:00+00:00,2025-06-10 14:00:00+00:00,21812.109,21840.745,,,timeout,954,28.635999999998603,56.531999999997204
HOLD_SESSION_22to14_LONG,LONG,2025-06-10 22:04:00+00:00,2025-06-11 14:00:00+00:00,21928.639,21973.061,,,timeout,956,44.4220000000023,88.1040000000046
HOLD_SESSION_22to14_LONG,LONG,2025-06-11 22:06:00+00:00,2025-06-12 14:01:00+00:00,21842.333,21844.633,,,timeout,954,2.3000000000029104,3.8600000000058206
HOLD_SESSION_22to14_LONG,LONG,2025-06-12 22:07:00+00:00,2025-06-13 14:00:00+00:00,21875.772,21725.499,,,timeout,953,-150.27300000000105,-301.2860000000021
HOLD_SESSION_22to14_LONG,LONG,2025-06-15 22:06:00+00:00,2025-06-16 14:00:00+00:00,21593.951,21926.432,,,timeout,954,332.48099999999977,664.2219999999995
HOLD_SESSION_22to14_LONG,LONG,2025-06-16 22:05:00+00:00,2025-06-17 14:00:00+00:00,21929.488,21857.255,,,timeout,955,-72.23300000000017,-145.20600000000036
HOLD_SESSION_22to14_LONG,LONG,2025-06-17 22:06:00+00:00,2025-06-18 14:00:00+00:00,21682.478,21759.262,,,timeout,954,76.78399999999965,152.8279999999993
HOLD_SESSION_22to14_LONG,LONG,2025-06-18 22:05:00+00:00,2025-06-19 14:00:00+00:00,21718.918,21464.75,,,timeout,955,-254.16800000000148,-509.076000000003
HOLD_SESSION_22to14_LONG,LONG,2025-06-19 22:05:00+00:00,2025-06-20 14:00:00+00:00,21604.883,21792.55,,,timeout,955,187.66699999999764,374.5939999999953
HOLD_SESSION_22to14_LONG,LONG,2025-06-22 22:08:00+00:00,2025-06-23 14:00:00+00:00,21512.749,21713.861,,,timeout,952,201.112000000001,401.48400000000197
HOLD_SESSION_22to14_LONG,LONG,2025-06-23 22:04:00+00:00,2025-06-24 14:00:00+00:00,21916.978,22079.289,,,timeout,956,162.3110000000015,323.882000000003
HOLD_SESSION_22to14_LONG,LONG,2025-06-24 22:06:00+00:00,2025-06-25 14:00:00+00:00,22170.499,22300.355,,,timeout,954,129.85599999999977,258.9719999999995
HOLD_SESSION_22to14_LONG,LONG,2025-06-25 22:06:00+00:00,2025-06-26 14:00:00+00:00,22247.416,22341.412,,,timeout,954,93.99599999999919,187.25199999999836
HOLD_SESSION_22to14_LONG,LONG,2025-06-26 22:06:00+00:00,2025-06-27 14:00:00+00:00,22472.001,22572.445,,,timeout,954,100.4439999999995,200.147999999999
HOLD_SESSION_22to14_LONG,LONG,2025-06-29 22:04:00+00:00,2025-06-30 14:00:00+00:00,22560.289,22609.323,,,timeout,956,49.03399999999965,97.3279999999993
HOLD_SESSION_22to14_LONG,LONG,2025-06-30 22:06:00+00:00,2025-07-01 14:00:00+00:00,22662.306,22596.64,,,timeout,954,-65.66600000000108,-132.07200000000216
HOLD_SESSION_22to14_LONG,LONG,2025-07-01 22:06:00+00:00,2025-07-02 14:00:00+00:00,22492.516,22508.328,,,timeout,954,15.812000000001717,30.884000000003436
HOLD_SESSION_22to14_LONG,LONG,2025-07-02 22:05:00+00:00,2025-07-03 14:00:00+00:00,22638.678,22809.067,,,timeout,955,170.3889999999992,340.0379999999984
HOLD_SESSION_22to14_LONG,LONG,2025-07-03 22:05:00+00:00,2025-07-04 14:00:00+00:00,22842.916,22723.345,,,timeout,955,-119.57099999999991,-239.88199999999983
HOLD_SESSION_22to14_LONG,LONG,2025-07-06 22:04:00+00:00,2025-07-07 14:00:00+00:00,22807.511,22740.367,,,timeout,956,-67.14400000000023,-135.02800000000047
HOLD_SESSION_22to14_LONG,LONG,2025-07-07 22:07:00+00:00,2025-07-08 14:00:00+00:00,22646.462,22696.089,,,timeout,953,49.62700000000041,98.51400000000082
HOLD_SESSION_22to14_LONG,LONG,2025-07-08 22:05:00+00:00,2025-07-09 14:00:00+00:00,22726.922,22909.156,,,timeout,955,182.23400000000038,363.72800000000075
HOLD_SESSION_22to14_LONG,LONG,2025-07-09 22:06:00+00:00,2025-07-10 14:00:00+00:00,22860.784,22742.95,,,timeout,954,-117.83399999999892,-236.40799999999786
HOLD_SESSION_22to14_LONG,LONG,2025-07-10 22:06:00+00:00,2025-07-11 14:00:00+00:00,22845.194,22780.573,,,timeout,954,-64.62099999999919,-129.98199999999838
HOLD_SESSION_22to14_LONG,LONG,2025-07-13 22:03:00+00:00,2025-07-14 14:00:00+00:00,22667.984,22734.327,,,timeout,957,66.34300000000076,131.9460000000015
HOLD_SESSION_22to14_LONG,LONG,2025-07-14 22:06:00+00:00,2025-07-15 14:00:00+00:00,22849.178,22951.482,,,timeout,954,102.30400000000009,203.86800000000017
HOLD_SESSION_22to14_LONG,LONG,2025-07-15 22:04:00+00:00,2025-07-16 14:00:00+00:00,22854.584,22806.806,,,timeout,956,-47.77799999999843,-96.29599999999685
HOLD_SESSION_22to14_LONG,LONG,2025-07-16 22:06:00+00:00,2025-07-17 14:00:00+00:00,22889.305,22992.266,,,timeout,954,102.96099999999933,205.18199999999865
HOLD_SESSION_22to14_LONG,LONG,2025-07-17 22:07:00+00:00,2025-07-18 14:00:00+00:00,23088.778,23106.355,,,timeout,953,17.577000000001135,34.41400000000227
HOLD_SESSION_22to14_LONG,LONG,2025-07-20 22:07:00+00:00,2025-07-21 14:00:00+00:00,23053.728,23240.017,,,timeout,953,186.28900000000067,371.83800000000133
HOLD_SESSION_22to14_LONG,LONG,2025-07-21 22:05:00+00:00,2025-07-22 14:00:00+00:00,23192.527,22972.05,,,timeout,955,-220.47699999999895,-441.6939999999979
HOLD_SESSION_22to14_LONG,LONG,2025-07-22 22:07:00+00:00,2025-07-23 14:00:00+00:00,23046.8,23007.349,,,timeout,953,-39.45100000000093,-79.64200000000186
HOLD_SESSION_22to14_LONG,LONG,2025-07-23 22:04:00+00:00,2025-07-24 14:00:00+00:00,23243.376,23198.539,,,timeout,956,-44.836999999999534,-90.41399999999906
HOLD_SESSION_22to14_LONG,LONG,2025-07-24 22:06:00+00:00,2025-07-25 14:00:00+00:00,23252.622,23260.299,,,timeout,954,7.67699999999968,14.61399999999936
HOLD_SESSION_22to14_LONG,LONG,2025-07-27 22:06:00+00:00,2025-07-28 14:00:00+00:00,23384.772,23381.944,,,timeout,954,-2.8280000000013388,-6.396000000002678
HOLD_SESSION_22to14_LONG,LONG,2025-07-28 22:06:00+00:00,2025-07-29 14:00:00+00:00,23373.617,23446.567,,,timeout,954,72.95000000000073,145.16000000000145
HOLD_SESSION_22to14_LONG,LONG,2025-07-29 22:06:00+00:00,2025-07-30 14:00:00+00:00,23328.184,23334.989,,,timeout,954,6.805000000000291,12.870000000000582
HOLD_SESSION_22to14_LONG,LONG,2025-07-30 22:06:00+00:00,2025-07-31 14:00:00+00:00,23575.689,23537.056,,,timeout,954,-38.63299999999799,-78.00599999999598
HOLD_SESSION_22to14_LONG,LONG,2025-07-31 22:06:00+00:00,2025-08-01 14:00:00+00:00,23209.989,22704.088,,,timeout,954,-505.90100000000166,-1012.5420000000033
HOLD_SESSION_22to14_LONG,LONG,2025-08-03 22:06:00+00:00,2025-08-04 14:00:00+00:00,22741.401,23132.945,,,timeout,954,391.54399999999805,782.3479999999961
HOLD_SESSION_22to14_LONG,LONG,2025-08-04 22:07:00+00:00,2025-08-05 14:00:00+00:00,23223.578,23240.916,,,timeout,953,17.337999999999738,33.935999999999474
HOLD_SESSION_22to14_LONG,LONG,2025-08-05 22:06:00+00:00,2025-08-06 14:00:00+00:00,22961.689,23108.639,,,timeout,954,146.95000000000073,293.16000000000145
HOLD_SESSION_22to14_LONG,LONG,2025-08-06 22:06:00+00:00,2025-08-07 14:00:00+00:00,23281.339,23544.666,,,timeout,954,263.32700000000114,525.9140000000023
HOLD_SESSION_22to14_LONG,LONG,2025-08-07 22:02:00+00:00,2025-08-08 14:00:00+00:00,23421.378,23534.488,,,timeout,958,113.11000000000058,225.48000000000116
HOLD_SESSION_22to14_LONG,LONG,2025-08-10 22:04:00+00:00,2025-08-11 14:00:00+00:00,23631.301,23636.255,,,timeout,956,4.9540000000015425,9.168000000003085
HOLD_SESSION_22to14_LONG,LONG,2025-08-11 22:13:00+00:00,2025-08-12 14:00:00+00:00,23539.489,23703.628,,,timeout,947,164.1389999999992,327.5379999999984
HOLD_SESSION_22to14_LONG,LONG,2025-08-12 22:06:00+00:00,2025-08-13 14:00:00+00:00,23833.306,23903.877,,,timeout,954,70.57099999999991,140.40199999999982
HOLD_SESSION_22to14_LONG,LONG,2025-08-13 22:06:00+00:00,2025-08-14 14:00:00+00:00,23829.539,23843.801,,,timeout,954,14.261999999998807,27.783999999997615
HOLD_SESSION_22to14_LONG,LONG,2025-08-14 22:05:00+00:00,2025-08-15 14:00:00+00:00,23799.19,23709.339,,,timeout,955,-89.85099999999875,-180.4419999999975
HOLD_SESSION_22to14_LONG,LONG,2025-08-17 22:06:00+00:00,2025-08-18 14:00:00+00:00,23749.398,23663.517,,,timeout,954,-85.88100000000122,-172.50200000000245
HOLD_SESSION_22to14_LONG,LONG,2025-08-18 22:05:00+00:00,2025-08-19 14:00:00+00:00,23748.31,23592.417,,,timeout,955,-155.89300000000003,-312.52600000000007
HOLD_SESSION_22to14_LONG,LONG,2025-08-19 22:04:00+00:00,2025-08-20 14:00:00+00:00,23399.957,23112.55,,,timeout,956,-287.40699999999924,-575.5539999999985
HOLD_SESSION_22to14_LONG,LONG,2025-08-20 22:00:00+00:00,2025-08-21 14:01:00+00:00,23243.904,23128.183,,,timeout,960,-115.72099999999773,-232.18199999999547
HOLD_SESSION_22to14_LONG,LONG,2025-08-21 22:06:00+00:00,2025-08-22 14:00:00+00:00,23166.816,23250.662,,,timeout,954,83.84600000000137,166.95200000000273
HOLD_SESSION_22to14_LONG,LONG,2025-08-24 22:05:00+00:00,2025-08-25 14:00:00+00:00,23504.4,23445.173,,,timeout,955,-59.22700000000259,-119.19400000000518
HOLD_SESSION_22to14_LONG,LONG,2025-08-25 22:05:00+00:00,2025-08-26 14:00:00+00:00,23447.921,23437.544,,,timeout,955,-10.37699999999677,-21.493999999993537
HOLD_SESSION_22to14_LONG,LONG,2025-08-26 22:04:00+00:00,2025-08-27 14:11:00+00:00,23550.478,23488.65,,,timeout,956,-61.8279999999977,-124.3959999999954
HOLD_SESSION_22to14_LONG,LONG,2025-08-27 22:05:00+00:00,2025-08-28 14:00:00+00:00,23452.406,23540.64,,,timeout,955,88.23400000000038,175.72800000000075
HOLD_SESSION_22to14_LONG,LONG,2025-08-28 22:05:00+00:00,2025-08-29 14:00:00+00:00,23705.479,23491.018,,,timeout,955,-214.46099999999933,-429.66199999999867
HOLD_SESSION_22to14_LONG,LONG,2025-08-31 22:00:00+00:00,2025-09-01 14:00:00+00:00,23429.995,23441.119,,,timeout,960,11.123999999999796,21.507999999999594
HOLD_SESSION_22to14_LONG,LONG,2025-09-01 22:00:00+00:00,2025-09-02 14:00:00+00:00,23463.712,23208.658,,,timeout,960,-255.0540000000001,-510.8480000000002
HOLD_SESSION_22to14_LONG,LONG,2025-09-02 22:00:00+00:00,2025-09-03 14:00:00+00:00,23344.359,23371.924,,,timeout,960,27.56499999999869,54.38999999999738
HOLD_SESSION_22to14_LONG,LONG,2025-09-03 22:00:00+00:00,2025-09-04 14:00:00+00:00,23416.294,23429.097,,,timeout,960,12.802999999999884,24.86599999999977
HOLD_SESSION_22to14_LONG,LONG,2025-09-04 22:00:00+00:00,2025-09-05 14:00:00+00:00,23666.498,23789.136,,,timeout,960,122.63799999999901,244.535999999998
HOLD_SESSION_22to14_LONG,LONG,2025-09-07 22:00:00+00:00,2025-09-08 14:00:00+00:00,23635.647,23812.466,,,timeout,960,176.8189999999995,352.897999999999
HOLD_SESSION_22to14_LONG,LONG,2025-09-08 22:00:00+00:00,2025-09-09 14:00:00+00:00,23768.261,23754.778,,,timeout,960,-13.483000000000175,-27.706000000000348
HOLD_SESSION_22to14_LONG,LONG,2025-09-09 22:00:00+00:00,2025-09-10 14:00:00+00:00,23870.13,23917.66,,,timeout,960,47.529999999998836,94.31999999999768
HOLD_SESSION_22to14_LONG,LONG,2025-09-10 22:00:00+00:00,2025-09-11 14:00:00+00:00,23835.897,23941.369,,,timeout,960,105.47199999999793,210.20399999999586
HOLD_SESSION_22to14_LONG,LONG,2025-09-11 22:00:00+00:00,2025-09-12 14:00:00+00:00,24003.864,24023.613,,,timeout,960,19.748999999999796,38.75799999999959
HOLD_SESSION_22to14_LONG,LONG,2025-09-14 22:00:00+00:00,2025-09-15 14:00:00+00:00,24095.636,24241.2,,,timeout,960,145.56400000000212,290.38800000000424
HOLD_SESSION_22to14_LONG,LONG,2025-09-15 22:00:00+00:00,2025-09-16 14:00:00+00:00,24277.636,24282.514,,,timeout,960,4.878000000000611,9.016000000001222
HOLD_SESSION_22to14_LONG,LONG,2025-09-16 22:00:00+00:00,2025-09-17 14:00:00+00:00,24282.88,24227.351,,,timeout,960,-55.52900000000227,-111.79800000000454
HOLD_SESSION_22to14_LONG,LONG,2025-09-17 22:00:00+00:00,2025-09-18 14:00:00+00:00,24251.855,24450.711,,,timeout,960,198.85599999999977,396.9719999999995
HOLD_SESSION_22to14_LONG,LONG,2025-09-18 22:00:00+00:00,2025-09-19 14:00:00+00:00,24471.767,24540.702,,,timeout,960,68.93500000000131,137.1300000000026
HOLD_SESSION_22to14_LONG,LONG,2025-09-21 22:00:00+00:00,2025-09-22 14:00:00+00:00,24601.22,24620.035,,,timeout,960,18.81499999999869,36.88999999999738
HOLD_SESSION_22to14_LONG,LONG,2025-09-22 22:00:00+00:00,2025-09-23 14:00:00+00:00,24757.267,24691.495,,,timeout,960,-65.77200000000084,-132.2840000000017
HOLD_SESSION_22to14_LONG,LONG,2025-09-23 22:00:00+00:00,2025-09-24 14:00:00+00:00,24605.539,24572.89,,,timeout,960,-32.64900000000125,-66.0380000000025
HOLD_SESSION_22to14_LONG,LONG,2025-09-24 22:00:00+00:00,2025-09-25 14:00:00+00:00,24515.416,24216.895,,,timeout,960,-298.52100000000064,-597.7820000000013
HOLD_SESSION_22to14_LONG,LONG,2025-09-25 22:00:00+00:00,2025-09-26 14:00:00+00:00,24401.215,24493.495,,,timeout,960,92.27999999999884,183.81999999999766
HOLD_SESSION_22to14_LONG,LONG,2025-09-29 22:00:00+00:00,2025-09-30 14:00:00+00:00,24595.0,24565.09,,,timeout,960,-29.909999999999854,-60.55999999999971
HOLD_SESSION_22to14_LONG,LONG,2025-09-30 22:00:00+00:00,2025-10-01 14:00:00+00:00,24623.613,24564.152,,,timeout,960,-59.46100000000297,-119.66200000000593
HOLD_SESSION_22to14_LONG,LONG,2025-10-01 22:00:00+00:00,2025-10-02 14:00:00+00:00,24790.495,24845.418,,,timeout,960,54.9230000000025,109.10600000000501
HOLD_SESSION_22to14_LONG,LONG,2025-10-02 22:00:00+00:00,2025-10-03 14:00:00+00:00,24893.639,24879.841,,,timeout,960,-13.797999999998865,-28.33599999999773
HOLD_SESSION_22to14_LONG,LONG,2025-10-05 22:00:00+00:00,2025-10-06 14:00:00+00:00,24802.544,24969.658,,,timeout,960,167.11399999999776,333.4879999999955
HOLD_SESSION_22to14_LONG,LONG,2025-10-06 22:00:00+00:00,2025-10-07 14:00:00+00:00,24982.447,25038.978,,,timeout,960,56.53099999999904,112.32199999999808
HOLD_SESSION_22to14_LONG,LONG,2025-10-07 22:00:00+00:00,2025-10-08 14:00:00+00:00,24859.742,24986.245,,,timeout,960,126.50300000000061,252.2660000000012
HOLD_SESSION_22to14_LONG,LONG,2025-10-08 22:00:00+00:00,2025-10-09 14:00:00+00:00,25155.005,25072.635,,,timeout,960,-82.37000000000262,-165.48000000000525
HOLD_SESSION_22to14_LONG,LONG,2025-10-09 22:00:00+00:00,2025-10-10 14:00:00+00:00,25106.625,25171.112,,,timeout,960,64.48700000000099,128.23400000000197
HOLD_SESSION_22to14_LONG,LONG,2025-10-12 22:00:00+00:00,2025-10-13 14:00:00+00:00,24382.476,24725.358,,,timeout,960,342.8820000000014,685.0240000000028
HOLD_SESSION_22to14_LONG,LONG,2025-10-13 22:00:00+00:00,2025-10-14 14:00:00+00:00,24730.998,24388.995,,,timeout,960,-342.0030000000006,-684.7460000000012
HOLD_SESSION_22to14_LONG,LONG,2025-10-14 22:00:00+00:00,2025-10-15 14:00:00+00:00,24581.88,24858.88,,,timeout,960,277.0,553.26
HOLD_SESSION_22to14_LONG,LONG,2025-10-15 22:00:00+00:00,2025-10-16 14:00:00+00:00,24767.289,24890.772,,,timeout,960,123.48300000000017,246.22600000000034
HOLD_SESSION_22to14_LONG,LONG,2025-10-16 22:00:00+00:00,2025-10-17 14:00:00+00:00,24625.5,24618.269,,,timeout,960,-7.230999999999767,-15.201999999999535
HOLD_SESSION_22to14_LONG,LONG,2025-10-19 22:00:00+00:00,2025-10-20 14:00:00+00:00,24924.778,25064.261,,,timeout,960,139.48300000000017,278.22600000000034
HOLD_SESSION_22to14_LONG,LONG,2025-10-20 22:00:00+00:00,2025-10-21 14:00:00+00:00,25163.107,25058.495,,,timeout,960,-104.61200000000099,-209.964000000002
HOLD_SESSION_22to14_LONG,LONG,2025-10-21 22:00:00+00:00,2025-10-22 14:00:00+00:00,25119.63,25109.5,,,timeout,960,-10.130000000001019,-21.000000000002036
HOLD_SESSION_22to14_LONG,LONG,2025-10-22 22:00:00+00:00,2025-10-23 14:00:00+00:00,24855.59,24986.88,,,timeout,960,131.29000000000087,261.84000000000174
HOLD_SESSION_22to14_LONG,LONG,2025-10-23 22:00:00+00:00,2025-10-24 14:00:00+00:00,25130.097,25373.124,,,timeout,960,243.02699999999822,485.31399999999644
HOLD_SESSION_22to14_LONG,LONG,2025-10-26 22:00:00+00:00,2025-10-27 14:00:00+00:00,25606.775,25697.992,,,timeout,960,91.21699999999691,181.69399999999382
HOLD_SESSION_22to14_LONG,LONG,2025-10-27 22:00:00+00:00,2025-10-28 14:00:00+00:00,25855.135,25921.746,,,timeout,960,66.61100000000079,132.48200000000156
HOLD_SESSION_22to14_LONG,LONG,2025-10-28 22:00:00+00:00,2025-10-29 14:00:00+00:00,26038.774,26176.755,,,timeout,960,137.98099999999977,275.2219999999995
HOLD_SESSION_22to14_LONG,LONG,2025-10-29 22:00:00+00:00,2025-10-30 14:00:00+00:00,26020.87,26012.627,,,timeout,960,-8.242999999998574,-17.225999999997146
HOLD_SESSION_22to14_LONG,LONG,2025-10-30 22:00:00+00:00,2025-10-31 14:00:00+00:00,26019.766,25953.961,,,timeout,960,-65.80500000000029,-132.3500000000006
HOLD_SESSION_22to14_LONG,LONG,2026-03-08 22:00:00+00:00,2026-03-09 14:00:00+00:00,24430.641,24348.158,,,timeout,960,-82.48300000000017,-165.70600000000036
HOLD_SESSION_22to14_LONG,LONG,2026-03-09 22:00:00+00:00,2026-03-10 14:06:00+00:00,24950.346,24937.718,,,timeout,960,-12.628000000000611,-25.99600000000122
HOLD_SESSION_22to14_LONG,LONG,2026-03-10 22:00:00+00:00,2026-03-11 14:00:00+00:00,24990.186,25092.897,,,timeout,960,102.71099999999933,204.68199999999865
HOLD_SESSION_22to14_LONG,LONG,2026-03-11 22:00:00+00:00,2026-03-12 14:00:00+00:00,24925.908,24680.266,,,timeout,960,-245.64199999999983,-492.02399999999966
HOLD_SESSION_22to14_LONG,LONG,2026-03-12 22:00:00+00:00,2026-03-13 14:00:00+00:00,24563.5,24735.641,,,timeout,960,172.14099999999962,343.54199999999923
HOLD_SESSION_22to14_LONG,LONG,2026-03-15 22:00:00+00:00,2026-03-16 14:00:00+00:00,24306.222,24696.63,,,timeout,960,390.40799999999945,780.0759999999989
HOLD_SESSION_22to14_LONG,LONG,2026-03-16 22:00:00+00:00,2026-03-17 14:00:00+00:00,24651.286,24852.853,,,timeout,960,201.5669999999991,402.3939999999982
HOLD_SESSION_22to14_LONG,LONG,2026-03-17 22:00:00+00:00,2026-03-18 14:00:00+00:00,24795.853,24712.022,,,timeout,960,-83.83099999999831,-168.40199999999663
HOLD_SESSION_22to14_LONG,LONG,2026-03-18 22:00:00+00:00,2026-03-19 14:00:00+00:00,24405.141,24308.283,,,timeout,960,-96.85800000000017,-194.45600000000036
HOLD_SESSION_22to14_LONG,LONG,2026-03-19 22:00:00+00:00,2026-03-20 14:00:00+00:00,24432.255,24062.124,,,timeout,960,-370.1310000000012,-741.0020000000025
HOLD_SESSION_22to14_LONG,LONG,2026-03-22 22:00:00+00:00,2026-03-23 14:12:00+00:00,23689.995,24375.917,,,timeout,960,685.9220000000023,1371.1040000000046
HOLD_SESSION_22to14_LONG,LONG,2026-03-23 22:00:00+00:00,2026-03-24 14:00:00+00:00,24195.044,24027.728,,,timeout,960,-167.31600000000253,-335.3720000000051
HOLD_SESSION_22to14_LONG,LONG,2026-03-24 22:00:00+00:00,2026-03-25 14:00:00+00:00,24230.611,24131.329,,,timeout,960,-99.28199999999924,-199.3039999999985
HOLD_SESSION_22to14_LONG,LONG,2026-03-25 22:00:00+00:00,2026-03-26 14:00:00+00:00,24144.267,24005.624,,,timeout,960,-138.64300000000003,-278.02600000000007
HOLD_SESSION_22to14_LONG,LONG,2026-03-26 22:00:00+00:00,2026-03-27 14:00:00+00:00,23661.567,23313.517,,,timeout,960,-348.0499999999993,-696.8399999999986
HOLD_SESSION_22to14_LONG,LONG,2026-03-29 22:00:00+00:00,2026-03-30 14:00:00+00:00,23032.836,23139.891,,,timeout,960,107.05500000000029,213.37000000000057
HOLD_SESSION_22to14_LONG,LONG,2026-03-30 22:00:00+00:00,2026-03-31 14:00:00+00:00,22931.592,23388.978,,,timeout,960,457.3859999999986,914.0319999999972
HOLD_SESSION_22to14_LONG,LONG,2026-03-31 22:00:00+00:00,2026-04-01 14:02:00+00:00,23717.802,23971.152,,,timeout,960,253.34999999999854,505.9599999999971
HOLD_SESSION_22to14_LONG,LONG,2026-04-01 22:00:00+00:00,2026-04-02 14:00:00+00:00,24010.642,23721.722,,,timeout,960,-288.91999999999825,-578.5799999999965
HOLD_SESSION_22to14_LONG,LONG,2026-04-05 22:00:00+00:00,2026-04-06 14:00:00+00:00,23895.886,24229.147,,,timeout,960,333.26100000000224,665.7820000000045
HOLD_SESSION_22to14_LONG,LONG,2026-04-06 22:00:00+00:00,2026-04-07 14:01:00+00:00,24178.899,23924.658,,,timeout,960,-254.2410000000018,-509.2220000000036
HOLD_SESSION_22to14_LONG,LONG,2026-04-07 22:00:00+00:00,2026-04-08 14:00:00+00:00,24344.452,24912.175,,,timeout,960,567.7229999999981,1134.7059999999963
HOLD_SESSION_22to14_LONG,LONG,2026-04-08 22:00:00+00:00,2026-04-09 14:00:00+00:00,24868.777,24848.274,,,timeout,960,-20.502999999996973,-41.74599999999395
HOLD_SESSION_22to14_LONG,LONG,2026-04-09 22:00:00+00:00,2026-04-10 14:01:00+00:00,25070.651,25122.48,,,timeout,960,51.828999999997905,102.91799999999581
HOLD_SESSION_22to14_LONG,LONG,2026-04-12 22:00:00+00:00,2026-04-13 14:00:00+00:00,24776.914,25158.228,,,timeout,960,381.3139999999985,761.887999999997
HOLD_SESSION_22to14_LONG,LONG,2026-04-13 22:00:00+00:00,2026-04-14 14:00:00+00:00,25416.641,25562.62,,,timeout,960,145.97899999999936,291.2179999999987
HOLD_SESSION_22to14_LONG,LONG,2026-04-14 22:00:00+00:00,2026-04-15 14:00:00+00:00,25822.25,25890.728,,,timeout,960,68.47799999999916,136.2159999999983
HOLD_SESSION_22to14_LONG,LONG,2026-04-15 22:00:00+00:00,2026-04-16 14:00:00+00:00,26192.739,26145.239,,,timeout,960,-47.5,-95.74
HOLD_SESSION_22to14_LONG,LONG,2026-04-16 22:00:00+00:00,2026-04-17 14:00:00+00:00,26306.125,26595.924,,,timeout,960,289.79899999999907,578.8579999999981
HOLD_SESSION_22to14_LONG,LONG,2026-04-19 22:00:00+00:00,2026-04-20 14:00:00+00:00,26441.125,26626.761,,,timeout,960,185.6359999999986,370.5319999999972
HOLD_SESSION_22to14_LONG,LONG,2026-04-20 22:00:00+00:00,2026-04-21 14:00:00+00:00,26615.472,26690.289,,,timeout,960,74.8169999999991,148.8939999999982
HOLD_SESSION_22to14_LONG,LONG,2026-04-21 22:00:00+00:00,2026-04-22 14:00:00+00:00,26586.37,26735.685,,,timeout,960,149.31500000000233,297.89000000000465
HOLD_SESSION_22to14_LONG,LONG,2026-04-22 22:00:00+00:00,2026-04-23 14:00:00+00:00,26921.516,26836.386,,,timeout,960,-85.13000000000102,-171.00000000000205
HOLD_SESSION_22to14_LONG,LONG,2026-04-23 22:00:00+00:00,2026-04-24 14:00:00+00:00,26858.984,27034.358,,,timeout,960,175.3739999999998,350.0079999999996
HOLD_SESSION_22to14_LONG,LONG,2026-04-26 22:00:00+00:00,2026-04-27 14:00:00+00:00,27264.359,27263.767,,,timeout,960,-0.592000000000553,-1.924000000001106
HOLD_SESSION_22to14_LONG,LONG,2026-04-27 22:00:00+00:00,2026-04-28 14:03:00+00:00,27292.456,27065.866,,,timeout,960,-226.5899999999965,-453.919999999993
HOLD_SESSION_22to14_LONG,LONG,2026-04-28 22:00:00+00:00,2026-04-29 14:00:00+00:00,27075.161,27067.269,,,timeout,960,-7.891999999999825,-16.52399999999965
HOLD_SESSION_22to14_LONG,LONG,2026-04-29 22:00:00+00:00,2026-04-30 14:00:00+00:00,27088.692,27126.023,,,timeout,960,37.33100000000195,73.9220000000039
HOLD_SESSION_22to14_LONG,LONG,2026-04-30 22:00:00+00:00,2026-05-01 14:00:00+00:00,27509.511,27740.984,,,timeout,960,231.47300000000178,462.20600000000354
HOLD_SESSION_22to14_LONG,LONG,2026-05-03 22:00:00+00:00,2026-05-04 14:01:00+00:00,27770.673,27759.061,,,timeout,960,-11.611999999997352,-23.9639999999947
HOLD_SESSION_22to14_LONG,LONG,2026-05-04 22:00:00+00:00,2026-05-05 14:00:00+00:00,27643.408,27956.397,,,timeout,960,312.9890000000014,625.2380000000028
HOLD_SESSION_22to14_LONG,LONG,2026-05-05 22:00:00+00:00,2026-05-06 14:02:00+00:00,28140.715,28319.495,,,timeout,960,178.77999999999884,356.81999999999766
HOLD_SESSION_22to14_LONG,LONG,2026-05-06 22:00:00+00:00,2026-05-07 14:00:00+00:00,28547.859,28675.967,,,timeout,960,128.10800000000017,255.47600000000034
HOLD_SESSION_22to14_LONG,LONG,2026-05-07 22:00:00+00:00,2026-05-08 14:00:00+00:00,28457.995,28991.152,,,timeout,960,533.1569999999992,1065.5739999999985
HOLD_SESSION_22to14_LONG,LONG,2026-05-10 22:00:00+00:00,2026-05-11 14:00:00+00:00,29184.762,29213.713,,,timeout,960,28.95100000000093,57.16200000000186
HOLD_SESSION_22to14_LONG,LONG,2026-05-11 22:00:00+00:00,2026-05-12 14:00:00+00:00,29293.769,29010.995,,,timeout,960,-282.77400000000125,-566.2880000000025
HOLD_SESSION_22to14_LONG,LONG,2026-05-12 22:00:00+00:00,2026-05-13 14:04:00+00:00,29036.642,29061.25,,,timeout,960,24.608000000000175,48.47600000000035
HOLD_SESSION_22to14_LONG,LONG,2026-05-13 22:00:00+00:00,2026-05-14 14:00:00+00:00,29436.278,29485.0,,,timeout,960,48.72200000000157,96.70400000000315
HOLD_SESSION_22to14_LONG,LONG,2026-05-14 22:00:00+00:00,2026-05-15 14:00:00+00:00,29593.152,29056.301,,,timeout,960,-536.8509999999987,-1074.4419999999975
HOLD_SESSION_22to14_LONG,LONG,2026-05-17 22:00:00+00:00,2026-05-18 14:00:00+00:00,29034.915,29094.994,,,timeout,960,60.078999999997905,119.41799999999581
HOLD_SESSION_22to14_LONG,LONG,2026-05-18 22:00:00+00:00,2026-05-19 14:00:00+00:00,28999.853,28821.005,,,timeout,960,-178.84799999999814,-358.4359999999963
HOLD_SESSION_22to14_LONG,LONG,2026-05-19 22:00:00+00:00,2026-05-20 14:00:00+00:00,28835.177,29008.46,,,timeout,960,173.28299999999945,345.8259999999989
HOLD_SESSION_22to14_LONG,LONG,2026-05-20 22:00:00+00:00,2026-05-21 14:00:00+00:00,29169.364,29215.74,,,timeout,960,46.376000000000204,92.01200000000041
HOLD_SESSION_22to14_LONG,LONG,2026-05-21 22:00:00+00:00,2026-05-22 14:02:00+00:00,29369.429,29478.456,,,timeout,960,109.02699999999822,217.31399999999644
HOLD_SESSION_22to14_LONG,LONG,2026-05-24 22:00:00+00:00,2026-05-25 14:00:00+00:00,29651.092,29911.63,,,timeout,960,260.53800000000047,520.3360000000009
HOLD_SESSION_22to14_LONG,LONG,2026-05-25 22:00:00+00:00,2026-05-26 14:00:00+00:00,29902.385,29933.747,,,timeout,960,31.36200000000099,61.98400000000198
HOLD_SESSION_22to14_LONG,LONG,2026-05-26 22:00:00+00:00,2026-05-27 14:01:00+00:00,29994.359,30005.397,,,timeout,960,11.038000000000466,21.336000000000933
HOLD_SESSION_22to14_LONG,LONG,2026-05-27 22:00:00+00:00,2026-05-28 14:00:00+00:00,30044.63,29936.236,,,timeout,960,-108.39400000000023,-217.52800000000047
HOLD_SESSION_22to14_LONG,LONG,2026-05-28 22:00:00+00:00,2026-05-29 15:08:00+00:00,30257.211,30329.457,,,timeout,960,72.24599999999919,143.75199999999836
HOLD_SESSION_22to14_LONG,LONG,2026-05-31 22:00:00+00:00,2026-06-01 14:03:00+00:00,30346.091,30239.893,,,timeout,960,-106.19800000000032,-213.13600000000065
HOLD_SESSION_22to14_LONG,LONG,2026-06-01 22:00:00+00:00,2026-06-02 14:00:00+00:00,30487.908,30547.342,,,timeout,960,59.434000000001106,118.12800000000222
HOLD_SESSION_22to14_LONG,LONG,2026-06-02 22:00:00+00:00,2026-06-03 14:00:00+00:00,30694.978,30562.613,,,timeout,960,-132.36499999999796,-265.46999999999593
HOLD_SESSION_22to14_LONG,LONG,2026-06-03 22:00:00+00:00,2026-06-04 14:00:00+00:00,30391.516,30175.547,,,timeout,960,-215.96900000000096,-432.67800000000193
HOLD_SESSION_22to14_LONG,LONG,2026-06-04 22:00:00+00:00,2026-06-05 14:09:00+00:00,30352.364,29738.364,,,timeout,960,-614.0,-1228.74
HOLD_SESSION_22to14_LONG,LONG,2026-06-07 22:00:00+00:00,2026-06-08 14:01:00+00:00,28821.112,29359.413,,,timeout,960,538.3009999999995,1075.861999999999
HOLD_SESSION_22to14_LONG,LONG,2026-06-08 22:00:00+00:00,2026-06-09 14:21:00+00:00,29413.864,29352.351,,,timeout,960,-61.51300000000265,-123.76600000000529
HOLD_SESSION_22to14_LONG,LONG,2026-06-09 22:00:00+00:00,2026-06-10 14:06:00+00:00,29045.5,29058.344,,,timeout,960,12.84400000000096,24.948000000001922
HOLD_SESSION_22to14_LONG,LONG,2026-06-10 22:00:00+00:00,2026-06-11 14:06:00+00:00,28416.992,28979.783,,,timeout,960,562.7910000000011,1124.8420000000021
HOLD_SESSION_22to14_LONG,LONG,2026-06-11 22:00:00+00:00,2026-06-12 14:00:00+00:00,29424.505,29417.751,,,timeout,960,-6.754000000000815,-14.24800000000163
HOLD_SESSION_22to14_LONG,LONG,2026-06-14 22:00:00+00:00,2026-06-15 14:02:00+00:00,29908.627,30398.762,,,timeout,960,490.1349999999984,979.5299999999968
HOLD_SESSION_22to14_LONG,LONG,2026-06-15 22:00:00+00:00,2026-06-16 14:00:00+00:00,30535.081,30484.3,,,timeout,960,-50.78099999999904,-102.30199999999807
