name,net_wk,fees_wk,gross_wk,trades,trades_wk,sel_usd_wk,blind_usd_wk,sel_total,blind_total,win_pct
VSPKF_time5_all,-253.8,218.5,-35.3,17404,111.5,-268.3,-238.5,-21462.0,-18160.0,42.3
VSPKF_time5_rth,-28.3,42.3,14.0,3375,21.6,-3.1,-54.7,-250.0,-4168.0,48.1
VSPKF_time15_all,-143.4,181.7,38.3,14472,92.7,-153.8,-132.5,-12305.0,-10087.0,44.8
VSPKF_time15_rth,1.8,36.7,38.5,2921,18.7,-1.5,5.2,-118.0,397.0,48.7
VSPKF_time40_all,-104.0,140.1,36.1,11157,71.5,-99.9,-108.2,-7991.0,-8239.0,46.0
VSPKF_time40_rth,27.9,32.9,60.8,2628,16.8,36.5,18.9,2918.0,1440.0,49.0
VSPKF_trail2.0_all,-847.0,242.6,-604.4,19338,123.8,-758.0,-940.0,-60642.0,-71575.0,26.0
VSPKF_trail2.0_rth,-281.4,56.1,-225.3,4468,28.6,-229.1,-336.1,-18332.0,-25593.0,29.8
VSPKR_time5_all,-294.7,218.5,-76.2,17404,111.5,-287.6,-302.1,-23004.0,-23000.0,45.6
VSPKR_time5_rth,-78.1,42.3,-35.8,3375,21.6,-101.4,-53.6,-8110.0,-4078.0,46.8
VSPKR_time15_all,-312.7,181.7,-131.0,14472,92.7,-309.3,-316.1,-24743.0,-24068.0,47.0
VSPKR_time15_rth,-93.9,36.7,-57.2,2921,18.7,-91.3,-96.5,-7302.0,-7348.0,47.8
VSPKR_time40_all,-247.7,140.1,-107.6,11157,71.5,-254.7,-240.2,-20373.0,-18290.0,49.0
VSPKR_time40_rth,-110.7,32.9,-77.8,2628,16.8,-119.9,-101.0,-9594.0,-7694.0,48.9
VSPKR_trail2.0_all,-847.8,245.8,-602.0,19573,125.4,-712.3,-989.7,-56981.0,-75361.0,26.5
VSPKR_trail2.0_rth,-327.3,56.8,-270.5,4528,29.0,-273.7,-383.4,-21899.0,-29192.0,27.1
IMBF_time5_all,-22.4,22.3,-0.1,1773,11.4,-12.3,-33.0,-981.0,-2513.0,47.1
IMBF_time5_rth,1.9,0.8,2.7,67,0.4,-1.9,6.0,-153.0,454.0,53.7
IMBF_time15_all,-13.7,16.9,3.2,1341,8.6,-17.0,-10.2,-1362.0,-779.0,48.3
IMBF_time15_rth,5.1,0.6,5.7,51,0.3,2.5,7.9,203.0,599.0,56.9
IMBF_time40_all,-5.7,15.1,9.4,1210,7.7,-23.4,12.9,-1869.0,982.0,47.9
IMBF_time40_rth,9.8,0.6,10.4,49,0.3,-2.6,22.8,-205.0,1735.0,55.1
IMBF_trail2.0_all,-51.2,24.9,-26.3,1984,12.7,-40.5,-62.4,-3240.0,-4754.0,25.8
IMBF_trail2.0_rth,0.3,1.0,1.3,72,0.5,-1.9,2.6,-154.0,200.0,34.7
IMBR_time5_all,-33.5,22.3,-11.2,1773,11.4,-37.8,-29.0,-3023.0,-2205.0,38.5
IMBR_time5_rth,-4.0,0.8,-3.2,67,0.4,0.6,-8.9,49.0,-680.0,40.3
IMBR_time15_all,-28.6,16.9,-11.7,1341,8.6,-21.1,-36.4,-1689.0,-2769.0,42.6
IMBR_time15_rth,-6.8,0.6,-6.2,51,0.3,-3.5,-10.1,-282.0,-772.0,41.2
IMBR_time40_all,-32.5,15.1,-17.4,1210,7.7,-11.6,-54.4,-926.0,-4141.0,45.7
IMBR_time40_rth,-11.3,0.6,-10.7,49,0.3,1.6,-25.0,132.0,-1902.0,42.9
IMBR_trail2.0_all,-68.6,24.3,-44.3,1942,12.4,-51.9,-86.1,-4153.0,-6553.0,26.2
IMBR_trail2.0_rth,-7.2,1.0,-6.2,72,0.5,-0.7,-14.0,-56.0,-1064.0,33.3
BIGF_time5_all,-13.3,10.4,-2.9,828,5.3,-9.0,-17.8,-722.0,-1354.0,43.6
BIGF_time5_rth,-3.7,0.6,-3.1,46,0.3,-1.5,-6.1,-120.0,-462.0,34.8
BIGF_time15_all,-7.7,6.5,-1.2,523,3.3,-9.5,-5.9,-762.0,-446.0,44.6
BIGF_time15_rth,-3.8,0.4,-3.4,32,0.2,-1.6,-6.0,-132.0,-457.0,43.8
BIGF_time40_all,-5.1,6.1,1.0,489,3.1,-17.1,7.5,-1365.0,573.0,44.4
BIGF_time40_rth,-2.4,0.4,-2.0,30,0.2,-0.1,-4.8,-8.0,-362.0,53.3
BIGF_trail2.0_all,-23.6,10.6,-13.0,838,5.4,-16.9,-30.5,-1354.0,-2326.0,24.7
BIGF_trail2.0_rth,-2.8,0.6,-2.2,47,0.3,-1.5,-4.2,-119.0,-318.0,25.5
BIGR_time5_all,-12.8,10.4,-2.4,828,5.3,-11.0,-14.7,-877.0,-1120.0,40.7
BIGR_time5_rth,2.3,0.6,2.9,46,0.3,0.5,4.1,42.0,315.0,60.9
BIGR_time15_all,-8.7,6.5,-2.2,523,3.3,-4.0,-13.7,-320.0,-1045.0,44.6
BIGR_time15_rth,2.8,0.4,3.2,32,0.2,1.0,4.6,77.0,354.0,56.2
BIGR_time40_all,-10.3,6.1,-4.2,489,3.1,4.4,-25.8,351.0,-1965.0,50.1
BIGR_time40_rth,1.4,0.4,1.8,30,0.2,-0.6,3.5,-46.0,269.0,46.7
BIGR_trail2.0_all,-31.6,10.6,-21.0,837,5.4,-18.1,-45.7,-1451.0,-3477.0,25.4
BIGR_trail2.0_rth,-1.8,0.6,-1.2,48,0.3,-1.1,-2.6,-92.0,-196.0,31.2
OBVT_time5_all,-852.1,563.1,-289.0,44860,287.3,-824.8,-880.3,-65981.0,-67029.0,41.8
OBVT_time5_rth,-278.7,185.8,-92.9,14796,94.8,-256.4,-301.9,-20511.0,-22987.0,45.1
OBVT_time15_all,-641.5,395.5,-246.0,31514,201.8,-592.9,-692.2,-47428.0,-52710.0,44.6
OBVT_time15_rth,-196.1,129.9,-66.2,10360,66.3,-191.8,-200.6,-15342.0,-15271.0,47.1
OBVT_time40_all,-439.1,230.3,-208.8,18348,117.5,-322.9,-561.0,-25829.0,-42718.0,46.0
OBVT_time40_rth,-107.8,77.2,-30.6,6154,39.4,-42.9,-175.8,-3436.0,-13386.0,47.7
OBVT_trail2.0_all,-1675.8,495.3,-1180.5,39463,252.7,-1455.5,-1906.4,-116438.0,-145157.0,27.2
OBVT_trail2.0_rth,-660.1,154.1,-506.0,12268,78.6,-559.0,-766.0,-44717.0,-58329.0,31.1
OBVD_time5_all,-41.8,35.9,-5.9,2863,18.3,-30.3,-53.8,-2423.0,-4097.0,44.8
OBVD_time5_rth,-10.7,12.2,1.5,965,6.2,-2.9,-18.9,-232.0,-1440.0,49.5
OBVD_time15_all,-37.6,34.5,-3.1,2747,17.6,-8.4,-68.4,-669.0,-5205.0,46.7
OBVD_time15_rth,-6.1,11.6,5.5,926,5.9,17.7,-31.2,1415.0,-2375.0,49.6
OBVD_time40_all,-4.9,32.3,27.4,2579,16.5,43.7,-55.8,3493.0,-4252.0,48.7
OBVD_time40_rth,17.9,11.0,28.9,869,5.6,19.1,16.7,1529.0,1272.0,50.9
OBVD_trail2.0_all,-90.7,35.7,-55.0,2839,18.2,-77.6,-104.5,-6205.0,-7956.0,29.8
OBVD_trail2.0_rth,-36.1,12.0,-24.1,957,6.1,-28.9,-43.6,-2308.0,-3321.0,32.2
DRYBO_time5_all,-661.0,472.6,-188.4,37645,241.1,-652.0,-670.0,-52161.0,-51014.0,39.7
DRYBO_time5_rth,-79.4,64.5,-14.9,5144,32.9,-79.9,-78.9,-6393.0,-6004.0,42.5
DRYBO_time15_all,-390.7,307.3,-83.4,24484,156.8,-343.9,-439.7,-27510.0,-33478.0,44.2
DRYBO_time15_rth,-51.7,44.3,-7.4,3525,22.6,-21.6,-83.4,-1728.0,-6347.0,46.4
DRYBO_time40_all,-217.1,180.3,-36.8,14369,92.0,-246.3,-186.3,-19704.0,-14183.0,46.3
DRYBO_time40_rth,-20.9,31.2,10.3,2475,15.9,-27.2,-14.2,-2179.0,-1078.0,48.4
DRYBO_trail2.0_all,-965.5,391.8,-573.7,31217,199.9,-895.5,-1038.4,-71641.0,-79066.0,27.3
DRYBO_trail2.0_rth,-139.7,48.8,-90.9,3893,24.9,-121.7,-158.6,-9737.0,-12074.0,32.1
BURST_time5_all,-182.9,175.6,-7.3,13986,89.6,-196.4,-168.7,-15713.0,-12843.0,43.1
BURST_time5_rth,-12.9,35.5,22.6,2829,18.1,2.5,-29.1,198.0,-2213.0,48.6
BURST_time15_all,-98.9,150.5,51.6,11990,76.8,-98.5,-99.3,-7879.0,-7561.0,45.4
BURST_time15_rth,14.0,31.4,45.4,2497,16.0,-5.9,34.8,-469.0,2653.0,49.5
BURST_time40_all,-25.5,122.7,97.2,9779,62.6,-71.5,22.8,-5723.0,1736.0,46.3
BURST_time40_rth,60.2,29.0,89.2,2306,14.8,21.3,101.0,1703.0,7688.0,50.2
BURST_trail2.0_all,-750.9,199.5,-551.4,15897,101.8,-651.3,-855.0,-52106.0,-65106.0,25.8
BURST_trail2.0_rth,-264.6,49.4,-215.2,3934,25.2,-213.4,-318.2,-17070.0,-24228.0,29.7
VATEX_time5_all,-51.7,34.3,-17.4,2730,17.5,-42.0,-61.7,-3364.0,-4700.0,46.1
VATEX_time5_rth,-10.8,10.6,-0.2,841,5.4,-7.6,-14.1,-610.0,-1075.0,49.5
VATEX_time15_all,-28.9,33.5,4.6,2666,17.1,-32.8,-24.8,-2626.0,-1890.0,47.8
VATEX_time15_rth,-2.0,10.4,8.4,832,5.3,1.9,-6.1,154.0,-465.0,50.8
VATEX_time40_all,-37.7,32.1,-5.6,2556,16.4,-80.1,6.9,-6408.0,525.0,48.4
VATEX_time40_rth,13.3,10.2,23.5,816,5.2,-31.4,60.3,-2510.0,4590.0,50.9
VATEX_trail2.0_all,-137.9,36.5,-101.4,2901,18.6,-126.9,-149.5,-10150.0,-11383.0,27.1
VATEX_trail2.0_rth,-70.6,12.2,-58.4,965,6.2,-62.7,-78.8,-5018.0,-6001.0,27.6
VCONF_time5_all,-579.8,416.3,-163.5,33162,212.4,-612.5,-545.2,-48997.0,-41515.0,41.8
VCONF_time5_rth,-137.8,118.8,-19.0,9469,60.6,-164.5,-109.8,-13158.0,-8360.0,45.2
VCONF_time15_all,-516.4,315.2,-201.2,25111,160.8,-450.1,-585.7,-36008.0,-44597.0,44.6
VCONF_time15_rth,-134.3,92.5,-41.8,7366,47.2,-120.2,-148.9,-9618.0,-11339.0,46.5
VCONF_time40_all,-346.0,203.6,-142.4,16231,103.9,-279.1,-416.1,-22331.0,-31686.0,46.2
VCONF_time40_rth,-116.8,64.1,-52.7,5103,32.7,1.3,-240.9,106.0,-18344.0,47.4
VCONF_trail2.0_all,-1366.3,397.3,-969.0,31649,202.7,-1210.1,-1529.7,-96809.0,-116477.0,27.0
VCONF_trail2.0_rth,-507.1,112.9,-394.2,8999,57.6,-431.3,-586.4,-34505.0,-44650.0,30.9
VREJ_time5_all,-7.0,6.7,-0.3,527,3.4,-8.3,-5.6,-667.0,-430.0,34.3
VREJ_time5_rth,-0.9,2.5,1.6,205,1.3,-2.6,0.8,-209.0,63.0,32.7
VREJ_time15_all,-0.8,6.1,5.3,487,3.1,-2.0,0.4,-157.0,33.0,39.0
VREJ_time15_rth,-1.4,2.4,1.0,190,1.2,-2.2,-0.6,-176.0,-44.0,36.3
VREJ_time40_all,1.6,5.5,7.1,444,2.8,-1.9,5.2,-150.0,394.0,46.4
VREJ_time40_rth,6.9,2.2,9.1,177,1.1,1.5,12.6,121.0,958.0,42.9
VREJ_trail2.0_all,-12.3,6.3,-6.0,497,3.2,-11.0,-13.7,-879.0,-1041.0,28.2
VREJ_trail2.0_rth,-3.9,2.4,-1.5,190,1.2,-5.7,-2.0,-454.0,-155.0,31.1
