pattern,side,sel_per_trade,sel_tr_wk,sel_usd_wk,blind_per_trade,blind_tr_wk,blind_usd_wk
VB1000_3_23327_hb30,1,32.75,2.1,68.0,10.17,8.6,87.0
VB1000_3_45989_hb30,1,36.89,1.3,46.0,-2.18,5.6,-12.0
VB1000_3_46007_hb30,1,23.75,1.8,44.0,0.82,7.9,6.0
VB1000_3_22679_hb30,1,28.62,1.4,40.0,5.47,6.8,37.0
VB1000_3_16644_hb30,1,28.75,1.3,38.0,5.07,6.6,34.0
VB1000_3_23327_hb10,1,11.39,2.9,33.0,-0.63,13.3,-8.0
VB1000_3_38639_hb30,1,12.61,2.5,32.0,13.13,2.0,26.0
VB1000_3_46637_hb30,1,19.15,1.6,30.0,2.27,6.8,16.0
VB1000_3_41990_hb30,1,11.0,2.6,28.0,3.52,9.6,34.0
VB1000_3_38879_hb30,1,17.1,1.4,25.0,-3.98,3.8,-15.0
VB1000_3_18680_hb30,1,13.32,1.7,23.0,3.38,7.0,24.0
VB1000_3_38009_hb30,1,7.33,3.1,23.0,-5.59,2.4,-13.0
VB1000_3_7998_hb10,-1,6.07,3.9,23.0,-4.78,2.6,-13.0
VB1000_3_46007_hb10,1,8.74,2.5,22.0,0.04,11.6,0.0
VB1000_3_46439_hb30,1,15.23,1.4,21.0,1.01,3.2,3.0
VB1000_4_695174_hb30,1,16.32,1.3,21.0,1.37,5.8,8.0
VB1000_3_7998_hb30,-1,5.58,3.5,19.0,-15.93,2.5,-39.0
VB1000_3_18791_hb10,1,13.18,1.3,18.0,-2.31,6.2,-14.0
VB1000_3_46637_hb10,1,8.33,2.1,18.0,0.09,9.7,1.0
VB1000_3_7782_hb30,-1,3.82,4.7,18.0,-28.01,1.3,-35.0
VB1000_3_19328_hb10,-1,10.22,1.7,17.0,4.9,7.5,37.0
VB1000_3_18662_hb30,1,8.52,2.0,17.0,1.36,8.2,11.0
VB1000_3_27993_hb30,1,1.86,9.1,17.0,-7.68,1.4,-11.0
VB1000_3_38879_hb10,1,10.5,1.7,17.0,-0.71,4.3,-3.0
VB1000_3_216_hb30,-1,3.13,5.5,17.0,-28.18,0.8,-22.0
VB1000_4_1656287_hb10,1,12.14,1.3,16.0,-5.27,6.8,-36.0
VB1000_3_8220_hb30,-1,11.82,1.3,16.0,-8.97,5.1,-45.0
VB1000_3_23309_hb10,1,11.63,1.4,16.0,-2.45,8.4,-21.0
VB1000_3_38639_hb10,1,5.47,2.9,16.0,4.55,2.2,10.0
VB1000_3_16644_hb10,1,10.21,1.5,15.0,-2.26,8.9,-20.0
VB1000_3_23544_hb30,-1,3.32,4.1,14.0,0.12,0.5,0.0
VB1000_3_39324_hb30,1,6.85,2.0,14.0,0.28,9.0,3.0
VB1000_3_15996_hb10,1,7.48,1.9,14.0,3.33,10.3,34.0
VB1000_3_648_hb10,-1,2.22,5.6,13.0,-1.68,0.7,-1.0
VB1000_3_1981_hb30,1,3.31,4.1,13.0,-4.72,0.3,-2.0
VB1000_3_20661_hb30,1,10.32,1.3,13.0,-2.81,7.4,-21.0
VB1000_3_28660_hb30,1,3.22,4.1,13.0,0.3,0.4,0.0
VB1000_3_18662_hb10,1,4.58,2.7,12.0,1.55,12.0,19.0
VB1000_4_672494_hb10,1,8.26,1.5,12.0,-7.72,6.9,-53.0
VB1000_3_2666_hb30,1,3.32,3.5,12.0,0.52,1.2,1.0
VB1000_4_1007769_hb30,1,2.59,4.8,12.0,-19.88,0.5,-11.0
VB1000_4_1511654_hb30,1,8.76,1.3,12.0,-0.03,6.3,-0.0
VB1000_3_22679_hb10,1,6.91,1.8,12.0,0.55,9.4,5.0
VB1000_3_29332_hb30,1,2.56,4.1,11.0,6.71,1.7,11.0
VB1000_3_18_hb30,-1,2.45,4.3,11.0,-3.05,0.6,-2.0
VB1000_3_42638_hb30,1,6.25,1.8,11.0,4.04,7.1,29.0
VB1000_3_39324_hb10,1,4.17,2.4,10.0,0.55,12.5,7.0
VB1000_3_30659_hb30,1,1.92,5.4,10.0,-2.51,1.9,-5.0
VB1000_3_29327_hb10,-1,2.18,4.4,10.0,-0.73,1.3,-1.0
VB1000_3_20661_hb10,1,6.71,1.5,10.0,-11.12,10.3,-115.0
VB1000_3_35991_hb30,1,4.54,2.0,9.0,2.11,1.9,4.0
VB1000_3_45989_hb10,1,5.93,1.5,9.0,-2.75,7.5,-21.0
VB1000_3_38009_hb10,1,2.52,3.6,9.0,5.34,2.5,14.0
VB1000_4_167961_hb30,1,1.57,5.4,9.0,-25.41,0.7,-17.0
VB3000_3_7331_hb30,1,3.02,2.8,9.0,-0.74,1.0,-1.0
VB1000_3_31110_hb30,-1,1.95,3.9,8.0,2.34,0.9,2.0
VB1000_3_7776_hb30,-1,1.58,5.0,8.0,6.95,0.8,5.0
VB1000_3_29326_hb30,1,1.0,7.9,8.0,-1.5,2.0,-3.0
VB1000_3_8220_hb10,-1,5.61,1.5,8.0,-3.83,5.9,-23.0
VB1000_3_15780_hb30,-1,5.18,1.4,7.0,5.03,4.3,22.0
VB1000_3_7313_hb30,1,1.52,4.6,7.0,0.71,1.5,1.0
VB1000_3_46652_hb10,1,5.51,1.4,7.0,6.43,4.8,31.0
VB1000_3_30665_hb30,1,1.69,3.9,7.0,-0.05,1.6,-0.0
VB1000_4_695174_hb10,1,4.11,1.7,7.0,-2.85,7.9,-23.0
VB3000_3_30659_hb10,-1,2.26,2.8,6.0,-6.71,1.0,-7.0
VB1000_4_1511654_hb10,1,3.56,1.8,6.0,-4.0,8.8,-35.0
VB3000_3_27993_hb10,1,1.55,3.6,6.0,16.23,0.4,6.0
VB3000_3_4665_hb10,1,1.54,3.8,6.0,30.39,0.6,17.0
VB1000_3_29993_hb10,1,1.11,4.5,5.0,-1.76,1.6,-3.0
VB1000_3_18683_hb10,-1,3.21,1.6,5.0,-9.64,6.1,-59.0
VB1000_3_46634_hb10,-1,2.42,1.5,4.0,-8.95,6.1,-54.0
VB3000_3_41990_hb10,-1,2.68,1.4,4.0,-17.79,5.6,-100.0
VB1000_3_27994_hb30,1,0.62,5.7,4.0,5.95,0.8,5.0
VB1000_3_29327_hb30,-1,1.1,4.0,4.0,-7.77,1.2,-9.0
VB1000_4_167961_hb10,1,0.4,6.4,3.0,-5.89,0.7,-4.0
VB1000_3_28677_hb30,-1,0.82,4.1,3.0,-7.42,0.4,-3.0
VB1000_3_12441_hb10,-1,0.77,4.1,3.0,3.56,0.6,2.0
VB3000_3_30011_hb30,1,0.65,2.5,2.0,-16.18,0.9,-15.0
VB1000_3_18680_hb10,1,0.85,2.3,2.0,-5.17,10.4,-54.0
VB1000_3_8004_hb10,-1,0.86,2.6,2.0,0.79,3.9,3.0
VB1000_3_19310_hb10,1,0.72,2.8,2.0,0.53,12.5,7.0
VB1000_4_839807_hb10,1,1.37,1.4,2.0,-2.16,7.2,-16.0
VB1000_4_215950_hb30,1,0.2,3.7,1.0,9.83,0.6,6.0
VB1000_4_1007769_hb10,1,0.27,5.3,1.0,0.2,0.5,0.0
VB1000_3_6_hb30,-1,0.15,7.2,1.0,10.23,0.8,8.0
VB1000_3_18_hb10,-1,0.29,5.2,1.0,-2.66,0.6,-2.0
VB1000_4_984441_hb30,1,0.37,3.6,1.0,-0.28,0.4,-0.0
VB1000_4_1534982_hb10,-1,0.99,1.5,1.0,-5.4,6.4,-35.0
VB1000_3_216_hb10,-1,-0.07,6.3,-0.0,-5.02,0.8,-4.0
VB1000_4_1678967_hb10,-1,0.21,1.3,0.0,-5.57,6.0,-34.0
VB3000_3_0_hb30,-1,-0.03,2.7,-0.0,-7.29,0.4,-3.0
VB1000_3_1333_hb10,1,-0.11,5.7,-1.0,-1.78,0.7,-1.0
VB1000_4_1055758_hb30,1,-0.34,3.1,-1.0,-0.12,0.7,-0.0
VB1000_4_984441_hb10,1,-0.18,4.0,-1.0,0.91,0.4,0.0
VB1000_3_4647_hb10,-1,-0.39,4.0,-2.0,-4.31,0.7,-3.0
VB1000_4_0_hb30,-1,-0.53,3.9,-2.0,-1.68,0.5,-1.0
VB3000_3_27993_hb30,1,-0.88,3.1,-3.0,46.7,0.4,17.0
VB3000_3_29326_hb10,-1,-0.87,3.3,-3.0,-16.91,0.7,-11.0
VB1000_3_23328_hb10,-1,-0.32,9.8,-3.0,-1.43,1.0,-1.0
VB1000_3_27993_hb10,1,-0.27,11.3,-3.0,-4.28,1.5,-6.0
VB1000_4_1055758_hb10,1,-1.2,3.4,-4.0,0.41,0.8,0.0
VB1000_3_7776_hb10,-1,-0.96,5.7,-5.0,6.84,0.8,5.0
VB1000_3_27975_hb10,1,-0.81,5.6,-5.0,1.92,0.9,2.0
VB3000_3_30011_hb10,-1,-1.85,2.8,-5.0,5.28,1.2,6.0
VB3000_3_0_hb10,-1,-2.03,3.1,-6.0,36.31,0.4,14.0
VB3000_3_30659_hb30,-1,-2.5,2.3,-6.0,18.22,0.8,15.0
VB3000_3_29326_hb30,-1,-2.68,2.6,-7.0,-26.87,0.6,-16.0
VB1000_3_5998_hb30,1,-0.86,9.3,-8.0,-4.28,1.8,-8.0
VB3000_3_4665_hb30,1,-2.47,3.3,-8.0,28.81,0.6,16.0
VB1000_3_5350_hb10,-1,-1.15,6.7,-8.0,-4.13,1.2,-5.0
VB1000_3_6_hb10,-1,-1.01,8.6,-9.0,-3.35,0.9,-3.0
VB1000_4_0_hb10,-1,-2.0,4.5,-9.0,10.53,0.5,5.0
VB1000_4_839808_hb10,-1,-2.1,4.8,-10.0,5.69,0.4,3.0
VB1000_3_7331_hb10,-1,-1.15,8.5,-10.0,-5.05,2.9,-15.0
VB1000_4_215950_hb10,1,-2.41,4.1,-10.0,1.44,0.7,1.0
VB3000_3_7331_hb10,1,-3.25,3.4,-11.0,1.87,1.3,2.0
VB1000_4_839808_hb30,1,-3.41,4.1,-14.0,-25.17,0.4,-11.0
VB1000_3_4665_hb10,1,-1.74,12.0,-21.0,-4.12,1.6,-6.0
