pattern,hold_min,side,sel_per_trade,sel_n,blind_per_trade,blind_n,sel_usd_wk,blind_usd_wk,sel_tr_wk,blind_tr_wk
F15I3_95299_h30,30,-1,7.48,973,-8.52,1400,89.0,-153.0,11.9,17.9
F15I4_4574369_h30,30,-1,15.17,362,-15.24,544,67.0,-106.0,4.4,7.0
M1B4_324851_h30,30,1,9.85,542,-2.14,990,65.0,-27.0,6.6,12.7
M1B4_330561_h60,60,-1,13.61,370,-1.35,624,61.0,-11.0,4.5,8.0
F15I4_2145859_h30,30,-1,10.68,463,-12.74,728,60.0,-119.0,5.6,9.3
M1B4_324575_h60,60,1,8.08,554,-4.73,929,55.0,-56.0,6.8,11.9
F15I4_5303711_h30,30,-1,9.77,424,3.72,646,51.0,31.0,5.2,8.3
F05I4_5253023_h15,15,-1,6.0,701,-4.32,1163,51.0,-64.0,8.5,14.9
F05I3_104829_h15,15,-1,4.08,1004,-7.88,1720,50.0,-174.0,12.2,22.1
F05I4_5307261_h15,15,-1,7.63,537,-7.63,884,50.0,-86.0,6.5,11.3
M1B3_11507_h60,60,1,8.96,449,-20.7,382,49.0,-101.0,5.5,4.9
F15V4_10979711_h30,30,-1,5.88,678,-8.18,1008,49.0,-106.0,8.3,12.9
M1B4_137025_h60,60,-1,5.63,709,-7.89,997,49.0,-101.0,8.6,12.8
F15I3_104829_h15,15,-1,6.45,624,-4.45,1137,49.0,-65.0,7.6,14.6
M1B3_3117_h60,60,1,10.13,386,-5.17,266,48.0,-18.0,4.7,3.4
M1B4_74817_h60,60,1,18.67,210,-21.27,157,48.0,-43.0,2.6,2.0
M1B3_13475_h60,60,-1,7.75,486,-4.34,655,46.0,-36.0,5.9,8.4
F15I4_4575523_h30,30,-1,10.49,357,-6.07,526,46.0,-41.0,4.4,6.7
M1B4_302637_h60,60,-1,7.02,537,-5.31,737,46.0,-50.0,6.5,9.4
F05I4_2432997_h15,15,-1,2.66,1395,-2.86,2129,45.0,-78.0,17.0,27.3
M1B3_13423_h60,60,1,10.52,351,-10.21,257,45.0,-34.0,4.3,3.3
F15I4_5087133_h30,30,-1,11.86,313,-6.11,550,45.0,-43.0,3.8,7.1
F05I3_109437_h15,15,-1,2.2,1638,-3.22,2586,44.0,-107.0,20.0,33.2
M1B3_13773_h60,60,-1,6.53,554,-8.94,856,44.0,-98.0,6.8,11.0
M1B4_324851_h15,15,1,5.6,628,-1.37,1138,43.0,-20.0,7.7,14.6
M1B4_165599_h30,30,1,4.76,747,-5.8,1277,43.0,-95.0,9.1,16.4
F15I4_4575425_h30,30,-1,13.05,269,-5.59,415,43.0,-30.0,3.3,5.3
M1B4_137037_h60,60,-1,9.34,366,-3.74,577,42.0,-28.0,4.5,7.4
F05I4_2373095_h15,15,-1,5.65,610,-5.24,930,42.0,-62.0,7.4,11.9
M1B3_5407_h60,60,-1,9.42,361,-1.65,256,41.0,-5.0,4.4,3.3
M1B4_331725_h60,60,-1,11.86,284,-0.92,473,41.0,-6.0,3.5,6.1
M1B3_11135_h60,60,1,4.78,691,0.77,445,40.0,4.0,8.4,5.7
M1B4_330561_h30,30,-1,7.74,409,0.16,722,39.0,1.0,5.0,9.3
M1B4_324851_h60,60,1,6.8,470,-3.62,795,39.0,-37.0,5.7,10.2
F15V4_26839721_h30,30,-1,3.7,865,-9.29,1266,39.0,-151.0,10.5,16.2
F15I3_44831_h30,30,-1,5.3,596,-5.38,801,39.0,-55.0,7.3,10.3
M1B3_13805_h60,60,1,12.16,262,-0.81,176,39.0,-2.0,3.2,2.3
F15I4_1920065_h30,30,-1,6.26,506,-5.72,678,39.0,-50.0,6.2,8.7
M1B3_5419_h60,60,1,9.12,339,5.43,235,38.0,16.0,4.1,3.0
F15I3_110583_h30,30,1,5.05,610,-4.84,408,38.0,-25.0,7.4,5.2
F05I4_4635425_h15,15,-1,5.76,538,-3.52,848,38.0,-38.0,6.6,10.9
F15I4_2649503_h15,15,-1,8.67,352,-7.04,590,37.0,-53.0,4.3,7.6
F15I3_40221_h30,30,-1,5.41,565,0.61,886,37.0,7.0,6.9,11.4
F15I4_2141275_h30,30,-1,6.63,449,0.85,627,36.0,7.0,5.5,8.0
F05I4_2432901_h15,15,-1,3.93,730,0.2,1344,35.0,3.0,8.9,17.2
F15I4_2145859_h15,15,-1,5.69,498,-8.68,800,35.0,-89.0,6.1,10.3
M1B4_274075_h60,60,-1,7.85,364,2.66,188,35.0,6.0,4.4,2.4
F15I4_1976611_h30,30,-1,8.22,352,-14.99,520,35.0,-100.0,4.3,6.7
M1B4_129839_h30,30,-1,6.25,455,-0.68,760,35.0,-7.0,5.5,9.7
F15I3_96545_h15,15,-1,2.26,1229,-10.0,1759,34.0,-226.0,15.0,22.6
F15I4_2201153_h30,30,-1,5.19,540,-10.63,735,34.0,-100.0,6.6,9.4
M1B4_331725_h30,30,-1,9.04,306,2.04,529,34.0,14.0,3.7,6.8
F15V4_26870789_h30,30,-1,3.77,739,-4.08,1067,34.0,-56.0,9.0,13.7
M1B4_129837_h30,30,-1,3.13,893,-10.45,1283,34.0,-172.0,10.9,16.4
F15I4_4575523_h15,15,-1,7.07,383,-5.68,567,33.0,-41.0,4.7,7.3
M1B4_129837_h60,60,-1,3.83,716,-5.02,993,33.0,-64.0,8.7,12.7
F15I4_5303709_h15,15,-1,8.32,326,-1.62,554,33.0,-12.0,4.0,7.1
M1B3_3618_h60,60,1,2.94,883,-2.91,1223,32.0,-46.0,10.8,15.7
F15I4_2201155_h30,30,1,7.26,366,6.56,554,32.0,47.0,4.5,7.1
F15I3_96569_h30,30,-1,8.28,318,5.18,483,32.0,32.0,3.9,6.2
M1B4_130163_h60,60,-1,16.47,161,-1.33,274,32.0,-5.0,2.0,3.5
F05I4_5082597_h15,15,-1,3.79,668,-4.34,1278,31.0,-71.0,8.1,16.4
F05I4_1981123_h15,15,-1,4.99,504,-12.65,877,31.0,-142.0,6.1,11.2
F15I4_4796707_h30,30,-1,4.29,597,-11.12,824,31.0,-117.0,7.3,10.6
F15I3_50565_h30,30,-1,3.28,778,-1.38,1344,31.0,-24.0,9.5,17.2
F15I3_96451_h30,30,-1,3.91,649,-0.98,980,31.0,-12.0,7.9,12.6
M1B4_136749_h60,60,-1,4.38,576,-12.92,824,31.0,-136.0,7.0,10.6
M1B3_5693_h60,60,1,6.53,376,-0.83,292,30.0,-3.0,4.6,3.7
M1B3_4808_h60,60,1,6.55,371,-0.44,1205,30.0,-7.0,4.5,15.4
M1B4_165873_h60,60,-1,8.69,287,6.93,491,30.0,44.0,3.5,6.3
F15I4_2373117_h30,30,1,7.93,315,-10.53,614,30.0,-83.0,3.8,7.9
F15V3_183131_h30,30,1,3.53,701,-7.49,509,30.0,-49.0,8.5,6.5
M1B4_158963_h60,60,1,6.35,389,-10.05,691,30.0,-89.0,4.7,8.9
M1B4_165599_h60,60,1,3.98,621,-6.54,991,30.0,-83.0,7.6,12.7
F15I4_2201155_h15,15,1,6.01,391,9.68,594,29.0,74.0,4.8,7.6
M1B4_165873_h30,30,-1,7.73,312,-2.48,529,29.0,-17.0,3.8,6.8
F05I3_109243_h15,15,1,3.55,667,-8.1,1005,29.0,-104.0,8.1,12.9
F15I3_44705_h30,30,-1,1.46,1643,-9.75,2186,29.0,-273.0,20.0,28.0
F05I4_1925825_h15,15,-1,4.54,526,-0.88,932,29.0,-11.0,6.4,11.9
M1B3_2416_h60,60,1,2.91,825,-5.44,1016,29.0,-71.0,10.1,13.0
M1B3_5092_h60,60,1,18.52,123,2.74,415,28.0,15.0,1.5,5.3
M1B3_6611_h60,60,1,4.96,462,8.78,742,28.0,84.0,5.6,9.5
F15I3_45883_h30,30,-1,3.54,657,-4.43,995,28.0,-57.0,8.0,12.8
M1B3_4820_h60,60,1,10.64,215,1.78,938,28.0,21.0,2.6,12.0
F15I4_1920089_h30,30,-1,7.24,318,5.39,458,28.0,32.0,3.9,5.9
M1B4_276479_h60,60,1,8.83,258,-7.26,211,28.0,-20.0,3.1,2.7
F05I4_5082525_h5,5,-1,4.47,522,-2.47,1071,28.0,-34.0,6.4,13.7
F15V4_24537989_h30,30,1,3.55,631,-10.59,381,27.0,-52.0,7.7,4.9
F05I4_5082525_h15,15,-1,4.52,489,-7.17,955,27.0,-88.0,6.0,12.2
F15V4_19934597_h30,30,1,3.05,735,-8.4,438,27.0,-47.0,9.0,5.6
M1B4_165503_h30,30,-1,11.14,199,-10.07,199,27.0,-26.0,2.4,2.6
F15I3_105977_h30,30,-1,6.3,352,-14.65,504,27.0,-95.0,4.3,6.5
F15I3_42354_h30,30,1,10.51,213,-3.56,831,27.0,-38.0,2.6,10.7
F05I3_105883_h15,15,-1,3.48,633,-9.1,1058,27.0,-123.0,7.7,13.6
F15I3_55197_h15,15,-1,2.18,1011,-2.88,1566,27.0,-58.0,12.3,20.1
F15I4_2142403_h30,30,-1,7.77,288,-10.57,484,27.0,-66.0,3.5,6.2
M1B4_323375_h60,60,-1,13.73,160,22.24,249,27.0,71.0,2.0,3.2
M1B3_4591_h60,60,1,5.06,435,3.0,302,27.0,12.0,5.3,3.9
F05I3_105863_h15,15,-1,2.69,808,-3.32,1504,27.0,-64.0,9.9,19.3
F05V4_26656127_h15,15,-1,2.33,958,-5.64,1399,27.0,-101.0,11.7,17.9
F15V3_339119_h30,30,1,1.91,1132,-0.39,1453,26.0,-7.0,13.8,18.6
F05I4_5087207_h15,15,-1,3.82,564,-13.8,834,26.0,-148.0,6.9,10.7
F15I3_40221_h15,15,-1,3.47,626,-0.07,988,26.0,-1.0,7.6,12.7
F15I4_2649503_h30,30,-1,6.35,331,-3.59,535,26.0,-25.0,4.0,6.9
F15V4_10979711_h15,15,-1,2.81,766,-3.96,1159,26.0,-59.0,9.3,14.9
M1B3_4808_h30,30,1,5.0,431,-0.51,1582,26.0,-10.0,5.3,20.3
M1B4_115412_h60,60,1,19.67,110,6.65,563,26.0,48.0,1.3,7.2
F05I4_5307165_h15,15,-1,1.99,1068,-7.93,1652,26.0,-168.0,13.0,21.2
F15V3_149824_h30,30,1,10.4,208,2.47,414,26.0,13.0,2.5,5.3
F15V3_147232_h30,30,1,7.4,283,9.54,555,26.0,68.0,3.5,7.1
F05I3_55265_h15,15,-1,2.7,748,-3.52,1132,25.0,-51.0,9.1,14.5
M1B3_8214_h60,60,1,5.08,406,-1.88,453,25.0,-11.0,5.0,5.8
F15I4_4855387_h30,30,-1,6.12,339,-2.91,525,25.0,-20.0,4.1,6.7
M1B4_276191_h30,30,1,8.33,249,-13.29,223,25.0,-38.0,3.0,2.9
M1B4_323711_h60,60,1,13.67,152,-8.37,229,25.0,-25.0,1.9,2.9
F15V3_367954_h15,15,1,8.36,235,0.94,594,24.0,7.0,2.9,7.6
M1B3_13373_h30,30,1,8.18,241,6.71,154,24.0,13.0,2.9,2.0
M1B3_12621_h60,60,-1,3.38,573,-5.47,819,24.0,-57.0,7.0,10.5
F15V4_13185503_h30,30,1,4.5,433,-7.71,325,24.0,-32.0,5.3,4.2
F15V4_8957951_h30,30,1,2.26,885,-1.48,649,24.0,-12.0,10.8,8.3
F15V4_26624159_h30,30,1,3.86,520,-0.99,274,24.0,-3.0,6.3,3.5
M1B4_115400_h60,60,1,11.79,164,-3.9,668,24.0,-33.0,2.0,8.6
M1B4_165503_h60,60,-1,10.29,191,-13.67,187,24.0,-33.0,2.3,2.4
M1B4_115396_h60,60,1,15.19,129,-23.7,321,24.0,-98.0,1.6,4.1
F15I3_42354_h15,15,1,8.44,230,-2.72,925,24.0,-32.0,2.8,11.9
F15I3_96569_h15,15,-1,5.66,344,3.6,523,24.0,24.0,4.2,6.7
M1B3_13110_h60,60,1,8.42,235,-4.29,557,24.0,-31.0,2.9,7.1
M1B3_2203_h60,60,-1,6.28,309,8.77,166,24.0,19.0,3.8,2.1
F15I3_95395_h30,30,-1,1.9,1052,-7.56,1501,24.0,-145.0,12.8,19.2
M1B4_115400_h30,30,1,10.25,185,-4.51,812,23.0,-47.0,2.3,10.4
M1B3_12772_h60,60,1,13.77,139,3.58,293,23.0,13.0,1.7,3.8
F15V3_178774_h30,30,1,7.27,260,4.73,659,23.0,40.0,3.2,8.4
F05I4_2145955_h15,15,-1,2.71,696,-11.78,1177,23.0,-178.0,8.5,15.1
M1B3_4315_h60,60,1,5.78,327,-21.73,242,23.0,-67.0,4.0,3.1
F15I3_105883_h30,30,-1,5.37,356,-7.89,558,23.0,-56.0,4.3,7.2
M1B3_11035_h60,60,-1,7.51,256,-3.19,153,23.0,-6.0,3.1,2.0
F05I4_4578883_h15,15,-1,3.39,558,-7.06,894,23.0,-81.0,6.8,11.5
M1B3_5693_h30,30,1,4.52,411,-1.68,316,23.0,-7.0,5.0,4.1
F15I4_2432997_h30,30,1,4.07,445,-2.7,682,22.0,-24.0,5.4,8.7
F15I3_21203_h30,30,-1,2.42,752,-5.26,436,22.0,-29.0,9.2,5.6
F15I4_4855363_h30,30,1,4.23,423,3.99,554,22.0,28.0,5.2,7.1
F15I4_4578977_h30,30,-1,4.49,407,-6.09,633,22.0,-49.0,5.0,8.1
F05V4_26839727_h15,15,1,2.61,704,-9.07,1151,22.0,-134.0,8.6,14.8
M1B3_13727_h30,30,1,2.28,776,-1.75,619,22.0,-14.0,9.5,7.9
M1B3_2504_h60,60,1,5.79,309,-3.74,794,22.0,-38.0,3.8,10.2
M1B4_93462_h60,60,1,8.03,215,-8.79,306,21.0,-34.0,2.6,3.9
M1B4_129729_h60,60,1,7.05,242,2.57,199,21.0,7.0,3.0,2.6
F15V3_370169_h30,30,1,3.76,462,-8.13,263,21.0,-27.0,5.6,3.4
F15I3_100025_h15,15,-1,2.4,734,-6.56,1085,21.0,-91.0,9.0,13.9
M1B3_13523_h60,60,1,2.3,757,-5.54,1134,21.0,-81.0,9.2,14.5
F15V4_10979675_h30,30,-1,3.05,565,-4.04,854,21.0,-44.0,6.9,10.9
M1B3_12335_h60,60,1,4.54,377,15.75,540,21.0,109.0,4.6,6.9
M1B4_331725_h15,15,-1,5.49,312,1.29,561,21.0,9.0,3.8,7.2
F15I4_1980067_h30,30,-1,2.78,614,-9.49,888,21.0,-108.0,7.5,11.4
M1B4_302913_h60,60,-1,3.2,547,-4.63,800,21.0,-47.0,6.7,10.3
F15I3_105977_h15,15,-1,4.75,366,-11.54,537,21.0,-79.0,4.5,6.9
M1B4_115300_h60,60,1,12.59,128,-7.04,268,20.0,-24.0,1.6,3.4
F15V3_74498_h30,30,1,6.87,243,-3.54,598,20.0,-27.0,3.0,7.7
F15V3_121787_h30,30,1,2.28,720,-8.27,497,20.0,-53.0,8.8,6.4
F15V3_310997_h15,15,1,1.67,965,-8.15,523,20.0,-55.0,11.8,6.7
M1B3_4810_h30,30,1,16.45,101,-3.04,574,20.0,-22.0,1.2,7.4
F15I4_2594205_h30,30,-1,5.82,275,1.83,515,20.0,12.0,3.4,6.6
M1B4_112996_h60,60,1,9.48,172,-15.09,283,20.0,-55.0,2.1,3.6
M1B4_330273_h60,60,1,3.77,431,0.12,609,20.0,1.0,5.3,7.8
F15I4_1981121_h30,30,-1,5.56,295,-4.97,444,20.0,-28.0,3.6,5.7
F15V4_24416633_h30,30,1,4.54,362,-0.71,512,20.0,-5.0,4.4,6.6
M1B3_4608_h60,60,1,8.88,181,7.5,217,20.0,21.0,2.2,2.8
F15I4_4795457_h30,30,-1,2.13,779,0.05,966,20.0,1.0,9.5,12.4
M1B3_12008_h60,60,1,5.91,275,-5.61,1086,20.0,-78.0,3.4,13.9
M1B4_273791_h60,60,1,6.64,249,-4.25,140,20.0,-8.0,3.0,1.8
F15I3_101083_h30,30,-1,3.45,473,-3.65,717,20.0,-34.0,5.8,9.2
M1B4_330561_h15,15,-1,3.68,447,1.89,786,20.0,19.0,5.5,10.1
F05I3_104805_h15,15,-1,1.64,979,-6.61,1694,20.0,-144.0,11.9,21.7
M1B3_11620_h60,60,1,6.39,262,-3.24,575,20.0,-24.0,3.2,7.4
M1B4_296001_h60,60,-1,2.06,786,-11.86,1033,20.0,-157.0,9.6,13.2
M1B3_4708_h60,60,1,3.41,479,-5.75,886,20.0,-65.0,5.8,11.4
M1B3_5411_h60,60,-1,2.51,668,-4.69,931,20.0,-56.0,8.1,11.9
M1B3_11507_h30,30,1,3.33,495,-9.14,410,20.0,-48.0,6.0,5.3
F15I3_105863_h15,15,-1,2.99,540,3.4,937,20.0,41.0,6.6,12.0
F15I4_5303781_h30,30,1,5.71,288,-3.02,482,20.0,-19.0,3.5,6.2
F15I3_21561_h30,30,-1,3.19,506,7.3,340,20.0,32.0,6.2,4.4
M1B4_323709_h15,15,-1,9.96,163,-3.06,247,20.0,-10.0,2.0,3.2
M1B3_6897_h60,60,-1,4.54,366,-0.83,551,20.0,-6.0,4.5,7.1
F15I4_2202403_h30,30,-1,5.79,284,-6.17,446,20.0,-35.0,3.5,5.7
F15I3_45785_h30,30,-1,4.77,345,-11.91,607,20.0,-93.0,4.2,7.8
F15I3_43504_h30,30,1,6.91,234,0.71,919,20.0,8.0,2.9,11.8
M1B3_3009_h60,60,1,3.11,512,5.07,327,19.0,21.0,6.2,4.2
M1B4_276191_h60,60,1,6.47,236,-28.17,218,19.0,-79.0,2.9,2.8
M1B4_138177_h15,15,-1,4.22,370,-2.77,514,19.0,-18.0,4.5,6.6
F15I3_40293_h30,30,-1,4.14,382,-0.95,559,19.0,-7.0,4.7,7.2
F15I3_44611_h30,30,-1,1.15,1334,-8.16,1805,19.0,-189.0,16.3,23.1
F15I3_50657_h30,30,-1,3.14,494,3.48,679,19.0,30.0,6.0,8.7
F15I4_5303781_h15,15,1,5.05,303,-5.33,518,19.0,-35.0,3.7,6.6
F05I4_1981123_h5,5,-1,2.82,548,-5.29,958,19.0,-65.0,6.7,12.3
F15V3_152879_h30,30,1,2.25,675,-0.57,426,19.0,-3.0,8.2,5.5
F15I4_4796707_h15,15,-1,2.31,658,-7.14,900,19.0,-82.0,8.0,11.5
F15I4_2432925_h15,15,-1,3.8,400,-9.1,715,19.0,-83.0,4.9,9.2
M1B4_137025_h30,30,-1,1.78,872,-7.8,1267,19.0,-127.0,10.6,16.2
F15I4_2428413_h30,30,1,3.51,447,4.63,697,19.0,41.0,5.5,8.9
M1B4_158687_h60,60,1,3.51,421,8.19,702,18.0,74.0,5.1,9.0
F15V4_26656121_h30,30,-1,3.21,461,5.72,617,18.0,45.0,5.6,7.9
M1B3_601_h60,60,1,6.64,226,-9.19,83,18.0,-10.0,2.8,1.1
F15I4_2649503_h5,5,-1,3.89,369,-6.13,624,18.0,-49.0,4.5,8.0
F15V4_13249439_h30,30,1,3.42,424,2.96,311,18.0,12.0,5.2,4.0
F15I3_105979_h30,30,-1,2.61,563,-0.91,727,18.0,-8.0,6.9,9.3
F15I4_5303711_h5,5,-1,3.02,482,-4.95,758,18.0,-48.0,5.9,9.7
F15I4_1920091_h30,30,-1,3.11,463,-8.59,658,18.0,-72.0,5.6,8.4
M1B3_13427_h60,60,1,4.75,319,-6.41,246,18.0,-20.0,3.9,3.2
F15I4_4855387_h15,15,-1,4.08,357,-1.76,567,18.0,-13.0,4.4,7.3
M1B3_4411_h60,60,1,6.17,238,-16.79,124,18.0,-27.0,2.9,1.6
F15I4_2201153_h15,15,-1,2.54,579,-6.45,815,18.0,-67.0,7.1,10.4
F15V4_26656121_h15,15,-1,3.01,501,-2.46,678,18.0,-21.0,6.1,8.7
M1B4_330273_h15,15,1,2.95,511,1.39,773,18.0,14.0,6.2,9.9
M1B3_4820_h30,30,1,5.86,251,-0.85,1197,18.0,-13.0,3.1,15.3
M1B3_5359_h60,60,-1,5.69,253,-11.19,172,18.0,-25.0,3.1,2.2
F15I4_5081375_h30,30,1,4.83,310,-0.58,585,18.0,-4.0,3.8,7.5
F15I4_2377727_h30,30,-1,4.61,317,8.77,463,18.0,52.0,3.9,5.9
M1B4_324575_h30,30,1,2.12,663,-4.52,1178,17.0,-68.0,8.1,15.1
F15V4_24412709_h30,30,1,1.55,887,-3.05,551,17.0,-22.0,10.8,7.1
F15V3_261242_h30,30,1,6.6,206,-5.56,535,17.0,-38.0,2.5,6.9
M1B4_130161_h30,30,-1,4.46,309,-4.05,473,17.0,-25.0,3.8,6.1
M1B4_296013_h60,60,-1,2.85,479,-12.78,724,17.0,-119.0,5.8,9.3
F05I4_5303709_h15,15,-1,2.55,552,-6.95,1020,17.0,-91.0,6.7,13.1
F05I4_5248413_h15,15,-1,1.44,975,-0.95,1679,17.0,-20.0,11.9,21.5
F05I4_2431869_h15,15,-1,2.34,597,-7.09,1042,17.0,-95.0,7.3,13.4
M1B4_331425_h30,30,-1,5.99,235,-10.37,403,17.0,-54.0,2.9,5.2
M1B4_81441_h60,60,1,4.73,290,-2.16,218,17.0,-6.0,3.5,2.8
M1B4_165791_h30,30,1,5.04,281,-3.17,244,17.0,-10.0,3.4,3.1
M1B3_13773_h15,15,-1,1.88,721,0.12,1168,17.0,2.0,8.8,15.0
M1B3_12333_h60,60,-1,1.42,989,-10.0,1272,17.0,-163.0,12.1,16.3
F15I3_85919_h30,30,1,2.82,497,-2.61,318,17.0,-11.0,6.1,4.1
F15I3_23440_h30,30,1,4.76,289,-1.45,506,17.0,-9.0,3.5,6.5
F05I3_96475_h5,5,-1,1.45,941,-3.72,1541,17.0,-73.0,11.5,19.8
F15V4_11010773_h30,30,-1,3.31,422,-0.01,610,17.0,-0.0,5.1,7.8
M1B3_613_h60,60,1,7.16,194,-14.76,70,17.0,-13.0,2.4,0.9
F15I4_5307263_h30,30,-1,3.57,399,-11.84,574,17.0,-87.0,4.9,7.4
F05I3_48238_h15,15,1,2.65,526,-0.11,2180,17.0,-3.0,6.4,27.9
F15I4_5253023_h15,15,-1,3.3,427,-5.47,643,17.0,-45.0,5.2,8.2
F15I3_41273_h30,30,-1,1.69,766,-11.46,1063,16.0,-156.0,9.3,13.6
F15I3_22721_h30,30,-1,3.15,420,-7.59,353,16.0,-34.0,5.1,4.5
F05I3_101081_h15,15,-1,2.11,606,-1.63,1010,16.0,-21.0,7.4,12.9
F15I4_2427167_h15,15,-1,3.53,375,-1.0,680,16.0,-9.0,4.6,8.7
F15I3_48308_h30,30,1,5.95,216,-0.49,928,16.0,-6.0,2.6,11.9
F15I4_2431871_h30,30,-1,3.16,417,2.68,624,16.0,21.0,5.1,8.0
M1B4_323661_h60,60,-1,8.62,156,-9.06,257,16.0,-30.0,1.9,3.3
M1B4_137903_h60,60,1,8.96,147,31.3,241,16.0,97.0,1.8,3.1
F15V4_26871215_h30,30,1,3.41,375,-13.7,317,16.0,-56.0,4.6,4.1
M1B4_295775_h15,15,-1,6.4,202,-2.54,332,16.0,-11.0,2.5,4.3
M1B4_331425_h60,60,-1,5.87,226,0.97,372,16.0,5.0,2.8,4.8
F15I3_50567_h5,5,-1,1.91,672,-2.27,1212,16.0,-35.0,8.2,15.5
M1B3_12922_h30,30,1,9.08,148,0.29,792,16.0,3.0,1.8,10.2
M1B3_5467_h30,30,-1,4.9,267,-10.19,218,16.0,-28.0,3.3,2.8
F05I4_2594277_h15,15,1,2.16,624,-9.36,1064,16.0,-128.0,7.6,13.6
F05I4_1980091_h15,15,-1,1.73,782,-1.57,1220,16.0,-25.0,9.5,15.6
F15V4_13058422_h30,30,1,6.37,209,5.67,599,16.0,44.0,2.5,7.7
M1B4_86838_h60,60,1,6.1,211,-4.86,312,16.0,-19.0,2.6,4.0
F15V4_22394843_h30,30,1,3.21,407,-2.86,344,16.0,-13.0,5.0,4.4
M1B3_2504_h30,30,1,3.89,342,-0.77,888,16.0,-9.0,4.2,11.4
M1B4_295715_h30,30,1,4.87,267,7.6,454,16.0,44.0,3.3,5.8
F15I4_5303711_h15,15,-1,2.99,450,-5.72,693,16.0,-51.0,5.5,8.9
F15I4_4575425_h15,15,-1,4.47,281,-5.07,441,15.0,-29.0,3.4,5.7
M1B4_331391_h30,30,-1,5.35,233,-7.74,236,15.0,-23.0,2.8,3.0
F05I4_5081375_h15,15,-1,1.76,688,-3.17,1303,15.0,-53.0,8.4,16.7
M1B4_281576_h60,60,1,8.82,140,4.56,628,15.0,37.0,1.7,8.1
F15I4_2373023_h30,30,1,2.56,478,-2.55,739,15.0,-24.0,5.8,9.5
F15I3_104711_h30,30,-1,3.17,384,-7.08,692,15.0,-63.0,4.7,8.9
F15I3_38512_h30,30,1,4.19,296,-7.46,821,15.0,-79.0,3.6,10.5
F15I3_44637_h30,30,-1,2.71,463,-3.13,632,15.0,-25.0,5.6,8.1
F15I4_5082527_h15,15,-1,2.61,466,-3.63,833,15.0,-39.0,5.7,10.7
F15I4_2142403_h15,15,-1,3.95,306,-5.94,525,15.0,-40.0,3.7,6.7
F05I3_95417_h15,15,-1,2.01,618,-8.33,1044,15.0,-111.0,7.5,13.4
F15V4_26839691_h30,30,1,3.55,355,-4.11,526,15.0,-28.0,4.3,6.7
F15V4_8957915_h30,30,1,2.34,531,-2.5,396,15.0,-13.0,6.5,5.1
F15V4_22208243_h30,30,1,2.41,503,-3.58,201,15.0,-9.0,6.1,2.6
F15V3_369305_h30,30,1,1.84,653,-4.55,263,15.0,-15.0,8.0,3.4
F15V3_90275_h30,30,1,1.74,710,0.55,260,15.0,2.0,8.7,3.3
F05I4_1924771_h15,15,-1,1.7,715,-7.07,1200,15.0,-109.0,8.7,15.4
F15I3_40029_h30,30,-1,2.25,553,-4.19,847,15.0,-45.0,6.7,10.9
F05V4_26842313_h15,15,-1,0.84,1323,-7.49,1921,14.0,-184.0,16.1,24.6
F15I4_2652959_h15,15,1,2.84,407,-0.25,582,14.0,-2.0,5.0,7.5
F15I4_2141275_h15,15,-1,2.34,493,4.97,679,14.0,43.0,6.0,8.7
M1B4_81441_h30,30,1,3.72,309,-11.2,234,14.0,-34.0,3.8,3.0
F05V3_144677_h15,15,-1,2.52,462,-4.59,1357,14.0,-80.0,5.6,17.4
M1B4_296013_h30,30,-1,2.03,547,-11.93,848,14.0,-130.0,6.7,10.9
M1B4_122600_h60,60,1,9.5,117,-0.28,591,14.0,-2.0,1.4,7.6
M1B4_302637_h30,30,-1,1.91,622,-2.94,883,14.0,-33.0,7.6,11.3
M1B4_130125_h30,30,-1,1.91,616,-4.73,972,14.0,-59.0,7.5,12.5
F15V3_152439_h30,30,-1,3.94,288,-4.25,465,14.0,-25.0,3.5,6.0
F15V4_6684329_h15,15,-1,2.28,520,0.58,316,14.0,2.0,6.3,4.1
F05I4_5251871_h15,15,-1,1.31,902,1.5,1406,14.0,27.0,11.0,18.0
M1B4_91170_h30,30,1,6.16,192,-2.13,212,14.0,-6.0,2.3,2.7
F15V4_24416597_h30,30,1,2.84,416,-1.37,561,14.0,-10.0,5.1,7.2
M1B4_323709_h30,30,-1,6.89,161,-0.59,238,14.0,-2.0,2.0,3.1
F15V4_10977119_h30,30,-1,0.96,1182,-5.56,1642,14.0,-117.0,14.4,21.1
F15I3_40007_h30,30,-1,2.49,448,-4.16,580,14.0,-31.0,5.5,7.4
M1B3_13110_h30,30,1,4.61,256,-5.24,598,14.0,-40.0,3.1,7.7
F05I4_4796635_h15,15,-1,1.69,679,1.33,981,14.0,17.0,8.3,12.6
F15I3_41465_h30,30,1,3.46,338,-4.25,498,14.0,-27.0,4.1,6.4
M1B4_317350_h15,15,1,9.06,129,3.28,678,14.0,29.0,1.6,8.7
F15I3_43504_h15,15,1,4.58,259,-0.83,1077,14.0,-11.0,3.2,13.8
F15V4_6621221_h30,30,1,2.36,489,-15.32,187,14.0,-37.0,6.0,2.4
F15I4_5087133_h5,5,-1,3.01,342,-4.45,628,13.0,-36.0,4.2,8.1
M1B3_13423_h30,30,1,2.87,384,-2.07,275,13.0,-7.0,4.7,3.5
F15I4_4795459_h5,5,-1,1.72,611,-5.04,817,13.0,-53.0,7.5,10.5
F15I3_44613_h15,15,-1,1.8,606,-2.6,916,13.0,-31.0,7.4,11.7
F15I4_2427167_h30,30,-1,3.01,349,1.59,634,13.0,13.0,4.3,8.1
M1B4_136739_h15,15,-1,6.03,178,-7.14,281,13.0,-26.0,2.2,3.6
F15I4_2141371_h30,30,-1,4.02,267,-18.26,453,13.0,-106.0,3.3,5.8
F05I4_5087009_h5,5,1,1.91,569,-3.44,889,13.0,-39.0,6.9,11.4
M1B4_115396_h30,30,1,8.29,131,-15.16,344,13.0,-67.0,1.6,4.4
M1B4_317350_h30,30,1,8.55,121,1.9,591,13.0,14.0,1.5,7.6
M1B4_144550_h30,30,1,8.26,132,2.61,718,13.0,24.0,1.6,9.2
M1B4_74817_h30,30,1,4.62,224,-11.73,167,13.0,-25.0,2.7,2.1
F15V3_338249_h30,30,-1,1.3,845,-3.81,573,13.0,-28.0,10.3,7.3
F15V3_371945_h30,30,1,2.0,551,-8.1,312,13.0,-32.0,6.7,4.0
F05V4_24221692_h15,15,1,2.65,390,0.33,843,13.0,4.0,4.8,10.8
F15V4_8957951_h15,15,1,1.04,986,-5.04,715,13.0,-46.0,12.0,9.2
F15I4_1924769_h15,15,-1,1.81,570,-9.31,808,13.0,-96.0,7.0,10.4
M1B3_13773_h30,30,-1,1.61,646,-4.4,1035,13.0,-58.0,7.9,13.3
F05V4_26870831_h15,15,-1,0.68,1555,-5.64,2151,13.0,-156.0,19.0,27.6
M1B4_131039_h30,30,1,3.16,340,-4.02,598,13.0,-31.0,4.1,7.7
F15I4_4574273_h30,30,-1,2.34,470,-5.81,629,13.0,-47.0,5.7,8.1
F15I4_4574299_h30,30,1,3.47,318,0.91,458,13.0,5.0,3.9,5.9
F15I4_5308415_h30,30,-1,2.23,480,-4.66,646,13.0,-39.0,5.9,8.3
F15I3_55197_h5,5,-1,0.97,1132,-3.51,1849,13.0,-83.0,13.8,23.7
F15I3_104829_h30,30,-1,1.9,558,-9.45,978,13.0,-118.0,6.8,12.5
F15V4_4478976_h30,30,1,2.92,366,-2.14,710,13.0,-19.0,4.5,9.1
F05I4_5307143_h15,15,-1,1.96,547,-0.63,928,13.0,-7.0,6.7,11.9
F15V4_24221692_h15,15,1,4.05,257,6.34,615,13.0,50.0,3.1,7.9
F15V4_24221692_h30,30,1,4.66,225,4.82,534,13.0,33.0,2.7,6.8
M1B4_324767_h30,30,1,4.79,213,4.26,193,12.0,11.0,2.6,2.5
M1B4_295715_h15,15,1,3.51,280,-2.03,485,12.0,-13.0,3.4,6.2
M1B4_151462_h30,30,1,6.35,160,0.47,848,12.0,5.0,2.0,10.9
F15V3_147232_h15,15,1,3.14,326,7.22,656,12.0,61.0,4.0,8.4
F15V3_333856_h30,30,1,4.46,215,3.63,514,12.0,24.0,2.6,6.6
M1B3_6899_h30,30,1,0.95,1071,-6.03,1660,12.0,-128.0,13.1,21.3
F15V4_24414047_h15,15,-1,1.51,634,-4.09,954,12.0,-50.0,7.7,12.2
M1B4_323697_h30,30,1,5.85,175,-1.46,277,12.0,-5.0,2.1,3.6
M1B4_112996_h30,30,1,5.7,176,-14.26,295,12.0,-54.0,2.1,3.8
F15I4_5082623_h30,30,-1,2.16,467,-2.8,729,12.0,-26.0,5.7,9.3
F15I4_5087133_h15,15,-1,3.04,333,-0.91,594,12.0,-7.0,4.1,7.6
M1B4_138177_h30,30,-1,2.86,349,-0.39,477,12.0,-2.0,4.3,6.1
F15V4_26653061_h30,30,-1,2.27,428,-2.35,637,12.0,-19.0,5.2,8.2
F05I3_109149_h15,15,-1,0.99,1010,-8.94,1474,12.0,-169.0,12.3,18.9
F15I3_104807_h15,15,1,2.91,344,-0.42,595,12.0,-3.0,4.2,7.6
F15V4_2271042_h30,30,1,3.88,257,-2.53,460,12.0,-15.0,3.1,5.9
F15V4_24416597_h15,15,1,2.27,439,-4.4,612,12.0,-35.0,5.4,7.8
M1B3_13427_h30,30,1,2.81,353,-7.66,260,12.0,-26.0,4.3,3.3
M1B3_11620_h30,30,1,3.55,281,-5.64,606,12.0,-44.0,3.4,7.8
F15I3_106990_h15,15,1,2.99,330,-0.98,1456,12.0,-18.0,4.0,18.7
F15I3_48308_h15,15,1,4.17,239,-3.25,1079,12.0,-45.0,2.9,13.8
F15I3_44613_h30,30,-1,1.77,565,-4.79,836,12.0,-51.0,6.9,10.7
F15I3_27425_h30,30,-1,2.1,485,-1.03,381,12.0,-5.0,5.9,4.9
F15I3_105953_h30,30,-1,1.38,688,-11.35,979,12.0,-142.0,8.4,12.6
M1B3_11728_h30,30,1,6.33,154,-6.96,482,12.0,-43.0,1.9,6.2
M1B3_613_h30,30,1,4.56,224,-16.25,77,12.0,-16.0,2.7,1.0
M1B3_4315_h30,30,1,2.92,348,-8.64,259,12.0,-29.0,4.2,3.3
M1B3_3297_h30,30,-1,1.59,592,-6.17,347,11.0,-27.0,7.2,4.4
M1B3_4806_h30,30,1,7.62,116,-6.37,383,11.0,-31.0,1.4,4.9
M1B3_13475_h30,30,-1,1.61,548,0.49,748,11.0,5.0,6.7,9.6
M1B3_5423_h30,30,-1,0.99,898,0.94,1323,11.0,16.0,11.0,17.0
F15V4_24353957_h30,30,-1,1.56,552,-0.71,391,11.0,-4.0,6.7,5.0
F05I3_96475_h15,15,-1,1.06,859,-7.47,1347,11.0,-129.0,10.5,17.3
F15I3_44735_h15,15,1,2.51,348,1.85,562,11.0,13.0,4.2,7.2
F15I3_22809_h15,15,-1,1.93,460,-8.21,337,11.0,-35.0,5.6,4.3
F15I3_109055_h15,15,1,1.58,545,-5.02,426,11.0,-27.0,6.6,5.5
F15I3_90615_h30,30,-1,1.34,677,2.64,388,11.0,13.0,8.3,5.0
F05V4_11197439_h15,15,-1,1.28,697,-2.2,1159,11.0,-33.0,8.5,14.9
F05I4_113041_h15,15,1,1.58,564,4.41,309,11.0,17.0,6.9,4.0
F15I3_101179_h15,15,-1,1.47,623,-6.05,884,11.0,-69.0,7.6,11.3
M1B3_11501_h30,30,1,3.32,263,1.41,172,11.0,3.0,3.2,2.2
M1B3_12772_h30,30,1,6.41,143,-3.05,309,11.0,-12.0,1.7,4.0
F05I4_2427263_h15,15,1,1.96,477,-9.04,845,11.0,-98.0,5.8,10.8
F05I4_2428319_h15,15,-1,0.75,1228,-4.45,1993,11.0,-114.0,15.0,25.6
F15V3_310997_h30,30,1,1.07,864,-8.84,470,11.0,-53.0,10.5,6.0
M1B4_115412_h30,30,1,7.55,124,4.93,667,11.0,42.0,1.5,8.6
M1B4_165885_h15,15,-1,3.04,300,-4.43,490,11.0,-28.0,3.7,6.3
F15I4_4634179_h15,15,-1,2.49,362,-14.09,512,11.0,-92.0,4.4,6.6
F15I4_2433023_h30,30,1,1.37,664,-5.38,932,11.0,-64.0,8.1,11.9
M1B4_165873_h15,15,-1,2.8,325,0.4,565,11.0,3.0,4.0,7.2
F15I4_4795579_h15,15,1,2.68,351,1.05,502,11.0,7.0,4.3,6.4
F15V3_76204_h30,30,1,1.68,547,-4.57,577,11.0,-34.0,6.7,7.4
M1B3_4315_h15,15,1,2.36,371,-4.52,267,11.0,-15.0,4.5,3.4
F15V3_147194_h30,30,1,3.7,242,-3.55,1005,11.0,-46.0,3.0,12.9
F15V3_3626_h30,30,1,3.65,251,-3.77,532,11.0,-26.0,3.1,6.8
F15V4_26653097_h15,15,1,2.37,376,-8.73,601,11.0,-67.0,4.6,7.7
M1B4_274075_h30,30,-1,2.15,402,-1.3,207,11.0,-3.0,4.9,2.7
M1B4_247329_h30,30,1,3.37,264,-5.69,185,11.0,-13.0,3.2,2.4
F15V4_20121221_h30,30,1,1.16,788,0.52,471,11.0,3.0,9.6,6.0
M1B4_330273_h30,30,1,1.86,478,-2.81,705,11.0,-25.0,5.8,9.0
F15V4_8954495_h30,30,1,1.41,569,-6.59,299,10.0,-25.0,6.9,3.8
F15V4_11197001_h30,30,1,1.4,589,1.22,846,10.0,13.0,7.2,10.8
F15V4_12_h30,30,1,1.59,515,-1.11,826,10.0,-12.0,6.3,10.6
F15I3_105691_h15,15,-1,2.87,274,-5.45,511,10.0,-36.0,3.3,6.6
M1B3_13222_h30,30,1,2.87,295,1.74,1271,10.0,28.0,3.6,16.3
M1B3_11912_h30,30,1,4.57,176,-6.4,466,10.0,-38.0,2.1,6.0
F05I4_5087135_h15,15,-1,0.92,913,-2.21,1502,10.0,-43.0,11.1,19.3
F05V4_6686885_h15,15,1,0.54,1469,-2.43,981,10.0,-31.0,17.9,12.6
F15I4_5082527_h5,5,-1,1.73,496,-3.24,915,10.0,-38.0,6.0,11.7
F05I4_5303709_h5,5,-1,1.35,587,-4.15,1145,10.0,-61.0,7.2,14.7
M1B3_12609_h30,30,-1,0.53,1608,-4.82,2123,10.0,-131.0,19.6,27.2
F05I3_41469_h15,15,-1,1.25,665,-9.05,1040,10.0,-121.0,8.1,13.3
F15I3_101083_h5,5,-1,1.49,543,-5.0,821,10.0,-53.0,6.6,10.5
M1B4_324861_h30,30,1,5.5,148,-18.73,278,10.0,-67.0,1.8,3.6
F15I4_5081375_h15,15,1,2.52,323,-5.04,626,10.0,-40.0,3.9,8.0
F15I4_5082623_h15,15,-1,1.68,510,-5.54,807,10.0,-57.0,6.2,10.3
M1B4_115412_h15,15,1,5.46,147,3.2,796,10.0,33.0,1.8,10.2
M1B4_137951_h15,15,1,3.84,210,1.6,386,10.0,8.0,2.6,4.9
F15V4_13058422_h15,15,1,3.44,242,2.11,702,10.0,19.0,3.0,9.0
F05I4_5087109_h15,15,-1,1.61,487,-7.0,900,10.0,-81.0,5.9,11.5
F15V4_11163311_h5,5,1,1.09,722,-2.77,1032,10.0,-37.0,8.8,13.2
F15V3_372761_h30,30,-1,1.23,674,1.13,426,10.0,6.0,8.2,5.5
F15V4_26684603_h15,15,-1,0.71,1170,-4.5,1995,10.0,-115.0,14.3,25.6
F15V3_181366_h30,30,1,1.89,454,4.13,1059,10.0,56.0,5.5,13.6
M1B3_12323_h15,15,-1,2.19,381,-6.05,601,10.0,-47.0,4.6,7.7
M1B3_6022_h30,30,1,3.71,212,3.38,1100,10.0,48.0,2.6,14.1
F15V4_11163275_h15,15,-1,1.45,562,-5.66,881,10.0,-64.0,6.9,11.3
F15V3_92009_h30,30,1,1.16,687,-3.28,331,10.0,-14.0,8.4,4.2
F15V3_184019_h30,30,1,0.98,837,5.19,583,10.0,39.0,10.2,7.5
F15I3_54045_h30,30,-1,0.88,816,-11.21,1268,9.0,-182.0,10.0,16.3
F15I4_5082623_h5,5,-1,1.39,544,-5.71,895,9.0,-66.0,6.6,11.5
F15I3_110585_h15,15,-1,1.54,488,-2.3,613,9.0,-18.0,6.0,7.9
F15V3_152051_h30,30,1,0.84,873,-10.26,343,9.0,-45.0,10.6,4.4
F15I4_4634179_h5,5,-1,1.89,378,-9.88,532,9.0,-67.0,4.6,6.8
F15I4_2201155_h5,5,1,1.94,401,-1.82,620,9.0,-14.0,4.9,7.9
F05I3_109243_h5,5,1,1.0,714,-4.63,1117,9.0,-66.0,8.7,14.3
F15V4_26686367_h30,30,-1,1.24,605,-3.93,457,9.0,-23.0,7.4,5.9
F05I3_96569_h15,15,-1,1.02,709,0.12,1048,9.0,2.0,8.6,13.4
F05I3_109217_h15,15,1,0.67,1060,0.15,1623,9.0,3.0,12.9,20.8
F15I3_98800_h15,15,-1,2.6,292,-9.4,1243,9.0,-150.0,3.6,15.9
F15I3_50657_h15,15,-1,1.43,524,-1.81,750,9.0,-17.0,6.4,9.6
F05V3_134798_h15,15,1,1.65,471,-3.64,1388,9.0,-65.0,5.7,17.8
F15I3_110471_h15,15,-1,1.25,597,-8.63,1029,9.0,-114.0,7.3,13.2
M1B4_331713_h30,30,1,1.45,487,-2.02,787,9.0,-20.0,5.9,10.1
F15I3_42354_h5,5,1,3.03,246,-3.66,1042,9.0,-49.0,3.0,13.4
M1B4_74817_h15,15,1,3.24,229,-2.14,173,9.0,-5.0,2.8,2.2
F15I4_2202403_h15,15,-1,2.43,295,-1.03,465,9.0,-6.0,3.6,6.0
F15I3_40221_h5,5,-1,1.14,673,-1.11,1059,9.0,-15.0,8.2,13.6
F05I4_5085981_h15,15,-1,0.91,778,-4.75,1439,9.0,-88.0,9.5,18.4
F15V3_370169_h15,15,1,1.51,489,-7.71,272,9.0,-27.0,6.0,3.5
F05I4_4800089_h15,15,-1,1.11,636,-6.08,1005,9.0,-78.0,7.8,12.9
F15I4_2377727_h15,15,-1,2.2,334,5.36,492,9.0,34.0,4.1,6.3
F15V3_62208_h30,30,1,0.84,859,-1.29,1617,9.0,-27.0,10.5,20.7
F05V3_36801_h15,15,1,0.92,705,0.57,413,8.0,3.0,8.6,5.3
M1B3_13439_h30,30,-1,1.02,667,-2.84,620,8.0,-23.0,8.1,7.9
F15V3_333856_h15,15,1,2.75,240,-3.06,596,8.0,-23.0,2.9,7.6
F15V3_3626_h15,15,1,2.5,262,-2.85,553,8.0,-20.0,3.2,7.1
M1B3_4499_h30,30,-1,1.56,415,-0.58,268,8.0,-2.0,5.1,3.4
F15I4_2432925_h5,5,-1,1.58,418,-5.58,773,8.0,-55.0,5.1,9.9
F15V3_120923_h30,30,1,1.05,659,-2.85,362,8.0,-13.0,8.0,4.6
M1B3_5108_h15,15,1,2.92,213,-3.74,1131,8.0,-54.0,2.6,14.5
M1B3_4810_h15,15,1,5.91,106,-2.73,624,8.0,-22.0,1.3,8.0
M1B4_324861_h15,15,1,4.18,152,-6.3,285,8.0,-23.0,1.9,3.7
M1B3_5693_h15,15,1,1.44,442,-4.71,335,8.0,-20.0,5.4,4.3
M1B4_107903_h15,15,1,2.61,246,-3.47,163,8.0,-7.0,3.0,2.1
M1B4_274079_h15,15,-1,2.36,277,-7.83,151,8.0,-15.0,3.4,1.9
M1B4_130161_h15,15,-1,2.05,319,-2.43,498,8.0,-16.0,3.9,6.4
F15I4_4634273_h15,15,1,1.39,450,6.14,664,8.0,52.0,5.5,8.5
F15I4_5087205_h15,15,-1,1.78,346,-1.76,682,8.0,-15.0,4.2,8.7
F15I4_5303805_h15,15,1,2.23,298,-3.03,527,8.0,-20.0,3.6,6.8
F15I3_44831_h15,15,-1,1.06,640,-4.81,884,8.0,-55.0,7.8,11.3
F15V4_10977083_h30,30,1,0.75,844,-7.32,1272,8.0,-119.0,10.3,16.3
F05I3_40319_h15,15,1,0.59,1156,-2.11,1698,8.0,-46.0,14.1,21.8
F15I3_54047_h15,15,-1,0.55,1143,-4.39,1686,8.0,-95.0,13.9,21.6
F05I4_5253023_h5,5,-1,0.85,771,-6.32,1337,8.0,-108.0,9.4,17.1
F15I4_2373117_h5,5,1,1.89,350,-1.48,706,8.0,-13.0,4.3,9.1
F15I3_95395_h15,15,-1,0.51,1233,-7.37,1840,8.0,-174.0,15.0,23.6
F05V4_10784764_h15,15,1,1.67,417,3.53,879,8.0,40.0,5.1,11.3
F05V3_360287_h15,15,-1,1.51,422,-3.35,1273,8.0,-55.0,5.1,16.3
F05I3_21299_h15,15,1,0.56,1155,-4.36,632,8.0,-35.0,14.1,8.1
F15I3_19208_h15,15,1,1.32,503,-3.56,889,8.0,-41.0,6.1,11.4
F15I3_44729_h15,15,-1,1.07,628,-8.75,1053,8.0,-118.0,7.7,13.5
F05I4_2654205_h5,5,-1,1.25,550,-5.32,919,8.0,-63.0,6.7,11.8
M1B4_60004_h15,15,1,3.97,155,-8.18,246,8.0,-26.0,1.9,3.2
F15V4_20186934_h15,15,1,1.78,360,-2.59,611,8.0,-20.0,4.4,7.8
M1B4_91170_h15,15,1,3.41,195,-4.46,217,8.0,-12.0,2.4,2.8
M1B4_158675_h15,15,-1,4.2,152,-8.73,276,8.0,-31.0,1.9,3.5
F15V3_261242_h15,15,1,2.8,216,-2.82,555,7.0,-20.0,2.6,7.1
F05I4_2373117_h15,15,-1,0.56,990,-5.47,1676,7.0,-118.0,12.1,21.5
F15V4_26624159_h15,15,1,1.03,552,-1.43,282,7.0,-5.0,6.7,3.6
M1B3_13427_h15,15,1,1.56,366,-6.89,270,7.0,-24.0,4.5,3.5
F15I4_2432997_h15,15,1,1.23,479,-6.57,754,7.0,-64.0,5.8,9.7
F15I4_2373119_h15,15,1,1.15,533,1.88,891,7.0,21.0,6.5,11.4
M1B4_324575_h15,15,1,0.69,775,-5.37,1392,7.0,-96.0,9.5,17.8
F15I4_5087229_h15,15,-1,1.62,358,-6.51,561,7.0,-47.0,4.4,7.2
F15I4_4574273_h5,5,-1,1.07,545,-6.57,741,7.0,-62.0,6.6,9.5
F05I4_2432999_h15,15,-1,0.67,860,-3.67,1299,7.0,-61.0,10.5,16.7
M1B3_13208_h15,15,-1,4.42,136,-9.48,747,7.0,-91.0,1.7,9.6
F15I4_2654181_h5,5,1,1.8,321,-0.96,460,7.0,-6.0,3.9,5.9
F15I3_101083_h15,15,-1,1.14,509,-6.07,777,7.0,-60.0,6.2,10.0
F15I3_40867_h15,15,-1,1.21,485,-10.72,303,7.0,-42.0,5.9,3.9
F15V4_11010779_h30,30,-1,0.67,815,-4.79,1175,7.0,-72.0,9.9,15.1
M1B3_4607_h30,30,-1,0.69,813,-5.94,694,7.0,-53.0,9.9,8.9
F15V3_181366_h15,15,1,1.0,541,1.88,1291,7.0,31.0,6.6,16.6
M1B3_4499_h15,15,-1,1.22,437,-3.92,274,7.0,-14.0,5.3,3.5
F15V3_370607_h30,30,1,0.52,1062,-4.55,780,7.0,-46.0,13.0,10.0
F15V3_308411_h30,30,1,0.64,844,-1.21,581,7.0,-9.0,10.3,7.4
M1B4_296013_h15,15,-1,0.98,604,-4.16,947,7.0,-51.0,7.4,12.1
F15V4_26839691_h15,15,1,1.63,377,-0.53,568,7.0,-4.0,4.6,7.3
M1B4_129821_h15,15,1,1.74,316,-0.88,243,7.0,-3.0,3.9,3.1
M1B4_165503_h15,15,-1,2.79,205,-3.64,206,7.0,-10.0,2.5,2.6
F15I4_4578977_h15,15,-1,1.32,438,-8.1,691,7.0,-72.0,5.3,8.9
F15I3_96569_h5,5,-1,1.48,361,2.21,543,7.0,15.0,4.4,7.0
F15I4_5247263_h15,15,1,1.13,482,-3.78,814,7.0,-39.0,5.9,10.4
F15I4_4800067_h15,15,1,1.02,586,-3.07,842,7.0,-33.0,7.1,10.8
M1B3_3994_h15,15,1,4.6,126,-6.42,536,7.0,-44.0,1.5,6.9
M1B3_11620_h15,15,1,1.86,294,-4.2,637,7.0,-34.0,3.6,8.2
M1B3_11728_h15,15,1,3.85,155,-6.02,507,7.0,-39.0,1.9,6.5
M1B4_323697_h15,15,1,3.44,177,-2.33,284,7.0,-8.0,2.2,3.6
M1B3_5747_h15,15,1,1.27,378,1.16,631,6.0,9.0,4.6,8.1
M1B3_13373_h15,15,1,1.95,250,-1.61,161,6.0,-3.0,3.0,2.1
M1B3_4806_h15,15,1,4.28,119,-1.61,394,6.0,-8.0,1.5,5.1
F15V4_24412745_h15,15,-1,0.93,524,0.15,316,6.0,1.0,6.4,4.1
F05V3_154901_h5,5,1,1.28,383,-0.25,1122,6.0,-4.0,4.7,14.4
F15I3_55199_h15,15,-1,0.37,1307,-1.39,1872,6.0,-33.0,15.9,24.0
F15I3_110493_h15,15,-1,0.36,1304,-5.4,1965,6.0,-136.0,15.9,25.2
F05I3_35319_h15,15,1,0.59,895,0.02,468,6.0,0.0,10.9,6.0
F15V3_149824_h15,15,1,2.04,227,1.47,476,6.0,9.0,2.8,6.1
M1B4_331391_h15,15,-1,2.07,241,-2.28,248,6.0,-7.0,2.9,3.2
F15I4_2433023_h15,15,1,0.64,735,-2.05,1060,6.0,-28.0,9.0,13.6
F15V4_24416633_h15,15,1,1.29,382,1.99,552,6.0,14.0,4.7,7.1
M1B4_331427_h15,15,-1,2.01,256,-4.08,394,6.0,-21.0,3.1,5.1
M1B4_324767_h15,15,1,2.15,222,4.52,200,6.0,12.0,2.7,2.6
F05I3_110393_h15,15,-1,0.65,768,-7.89,1138,6.0,-115.0,9.4,14.6
F05I4_2145955_h5,5,-1,0.59,770,-6.7,1345,6.0,-116.0,9.4,17.2
F15I4_4634177_h15,15,-1,1.2,435,-9.14,657,6.0,-77.0,5.3,8.4
M1B3_13435_h30,30,1,0.89,577,-7.75,355,6.0,-35.0,7.0,4.6
M1B3_13060_h15,15,1,2.34,201,-2.39,408,6.0,-13.0,2.5,5.2
M1B3_5409_h30,30,-1,0.22,1805,-9.04,2280,5.0,-264.0,22.0,29.2
F15V4_26873417_h30,30,-1,0.45,864,-7.58,1220,5.0,-119.0,10.5,15.6
F15V4_26625023_h30,30,1,0.52,856,-3.87,590,5.0,-29.0,10.4,7.6
M1B3_13805_h15,15,1,1.3,289,-5.88,190,5.0,-14.0,3.5,2.4
F05V4_13185503_h15,15,1,0.32,1171,-3.45,859,5.0,-38.0,14.3,11.0
F15V3_152891_h30,30,1,0.29,1530,-5.09,2066,5.0,-135.0,18.7,26.5
F15V3_323450_h15,15,-1,1.93,215,-6.54,1244,5.0,-104.0,2.6,15.9
F15V3_74498_h15,15,1,1.71,251,-5.35,636,5.0,-44.0,3.1,8.2
F05V4_26656121_h15,15,-1,0.39,975,-3.9,1297,5.0,-65.0,11.9,16.6
M1B3_5359_h15,15,-1,1.33,278,-2.3,183,5.0,-5.0,3.4,2.3
M1B3_5467_h15,15,-1,1.38,279,-6.56,224,5.0,-19.0,3.4,2.9
F15I4_5253023_h5,5,-1,0.95,453,-3.19,689,5.0,-28.0,5.5,8.8
F15I4_2431749_h5,5,-1,1.41,289,-4.11,573,5.0,-30.0,3.5,7.3
M1B3_12772_h15,15,1,2.93,146,-1.55,316,5.0,-6.0,1.8,4.1
F05V3_108790_h15,15,1,0.67,557,-3.82,1039,5.0,-51.0,6.8,13.3
F15I4_1980067_h15,15,-1,0.64,671,-7.06,992,5.0,-90.0,8.2,12.7
F05I3_40199_h15,15,1,0.49,863,-6.3,1258,5.0,-102.0,10.5,16.1
M1B4_322559_h15,15,-1,1.68,255,0.0,259,5.0,0.0,3.1,3.3
M1B4_323649_h15,15,1,1.65,244,-4.21,430,5.0,-23.0,3.0,5.5
M1B4_86838_h15,15,1,1.79,231,-4.89,345,5.0,-22.0,2.8,4.4
M1B4_130175_h15,15,1,1.82,219,-3.85,393,5.0,-19.0,2.7,5.0
F15I3_44637_h5,5,-1,0.85,522,-5.42,740,5.0,-51.0,6.4,9.5
M1B3_13473_h30,30,-1,0.82,544,-3.62,775,5.0,-36.0,6.6,9.9
M1B3_4708_h30,30,1,0.8,533,-5.75,993,5.0,-73.0,6.5,12.7
F05I4_1924769_h15,15,-1,0.37,1149,-6.8,1735,5.0,-151.0,14.0,22.2
F15V3_183131_h15,15,1,0.54,762,-5.45,563,5.0,-39.0,9.3,7.2
F15V3_365398_h15,15,1,1.11,336,-1.79,825,5.0,-19.0,4.1,10.6
M1B3_6907_h30,30,1,0.66,668,-3.76,518,5.0,-25.0,8.1,6.6
F15V4_10600732_h5,5,1,1.65,259,2.09,541,5.0,14.0,3.2,6.9
F15V4_26653097_h5,5,1,1.02,390,-3.16,632,5.0,-26.0,4.8,8.1
M1B3_4820_h15,15,1,1.36,293,-1.39,1497,5.0,-27.0,3.6,19.2
M1B3_4808_h15,15,1,0.83,500,-2.0,1983,5.0,-51.0,6.1,25.4
F05V3_321408_h15,15,1,1.1,392,-2.69,1320,5.0,-46.0,4.8,16.9
F05V4_10917065_h15,15,1,0.45,814,-2.94,559,4.0,-21.0,9.9,7.2
M1B3_13475_h15,15,-1,0.63,583,-1.93,836,4.0,-21.0,7.1,10.7
M1B3_4006_h15,15,1,0.95,338,-3.28,1058,4.0,-44.0,4.1,13.6
M1B3_12513_h15,15,-1,0.71,415,-2.98,284,4.0,-11.0,5.1,3.6
F05V3_151431_h15,15,1,0.43,811,-4.39,1073,4.0,-60.0,9.9,13.8
F15V3_74462_h15,15,1,0.95,356,-4.6,1008,4.0,-59.0,4.3,12.9
M1B3_5709_h30,30,-1,0.29,1123,-6.5,1606,4.0,-134.0,13.7,20.6
F15V3_152451_h5,5,-1,1.6,223,-6.27,513,4.0,-41.0,2.7,6.6
F05V3_147194_h5,5,-1,0.58,495,-4.22,2143,4.0,-116.0,6.0,27.5
F15V4_8957915_h15,15,1,0.51,577,-0.72,429,4.0,-4.0,7.0,5.5
F15V3_262850_h15,15,1,0.68,470,-2.42,503,4.0,-16.0,5.7,6.4
F15V3_367988_h5,5,-1,1.43,214,-5.15,1087,4.0,-72.0,2.6,13.9
F05V3_151433_h15,15,1,0.4,908,-3.01,791,4.0,-31.0,11.1,10.1
F15I3_45883_h15,15,-1,0.44,730,-4.52,1118,4.0,-65.0,8.9,14.3
M1B3_13757_h15,15,1,1.34,249,-2.07,171,4.0,-5.0,3.0,2.2
F05I4_5082527_h15,15,-1,0.38,852,-5.35,1574,4.0,-108.0,10.4,20.2
F15I3_55173_h5,5,-1,0.5,601,-1.65,1057,4.0,-22.0,7.3,13.6
F15I4_1979995_h15,15,1,0.52,599,-4.08,748,4.0,-39.0,7.3,9.6
F05I3_105863_h5,5,-1,0.39,888,-4.43,1782,4.0,-101.0,10.8,22.8
F05I4_5253119_h15,15,-1,0.32,1048,-6.52,1477,4.0,-123.0,12.8,18.9
F15I3_44729_h5,5,-1,0.5,684,-7.08,1174,4.0,-107.0,8.3,15.1
F15I3_109055_h5,5,1,0.61,577,-3.71,446,4.0,-21.0,7.0,5.7
F15V4_24221692_h5,5,1,1.06,303,2.07,746,4.0,20.0,3.7,9.6
F15V4_24416633_h5,5,1,0.78,396,-0.65,578,4.0,-5.0,4.8,7.4
F05I4_5082525_h2,2,-1,0.63,540,-3.86,1116,4.0,-55.0,6.6,14.3
F15V3_185723_h30,30,1,0.36,904,-3.39,637,4.0,-28.0,11.0,8.2
F15I3_55199_h30,30,-1,0.26,1115,-4.45,1546,4.0,-88.0,13.6,19.8
F15I4_2142403_h5,5,-1,0.76,318,-3.11,554,3.0,-22.0,3.9,7.1
F15I4_4575425_h5,5,-1,0.93,292,-4.97,460,3.0,-29.0,3.6,5.9
F15V3_370175_h15,15,-1,0.4,668,-4.27,396,3.0,-22.0,8.1,5.1
F15V4_11010779_h15,15,-1,0.29,949,-5.47,1418,3.0,-99.0,11.6,18.2
F15V3_369779_h30,30,1,0.2,1364,-3.37,679,3.0,-29.0,16.6,8.7
F15V4_24416597_h5,5,1,0.49,463,-0.17,651,3.0,-1.0,5.6,8.3
F05V4_13433903_h15,15,-1,0.26,864,-4.16,1276,3.0,-68.0,10.5,16.4
F15I3_105863_h5,5,-1,0.4,578,0.79,1032,3.0,10.0,7.0,13.2
F15I4_5027231_h5,5,-1,0.57,416,-5.01,770,3.0,-49.0,5.1,9.9
F15I3_38800_h5,5,-1,1.15,210,-3.36,1054,3.0,-45.0,2.6,13.5
F15I3_104829_h5,5,-1,0.34,681,-2.39,1247,3.0,-38.0,8.3,16.0
F05V3_249854_h15,15,1,0.46,553,-3.04,1227,3.0,-48.0,6.7,15.7
F15V4_26839721_h15,15,-1,0.26,1006,-8.13,1500,3.0,-156.0,12.3,19.2
M1B3_10029_h15,15,1,0.55,418,-0.99,296,3.0,-4.0,5.1,3.8
F05V4_26653061_h15,15,1,0.23,947,-1.01,1489,3.0,-19.0,11.5,19.1
M1B3_13435_h15,15,1,0.3,641,-4.72,380,2.0,-23.0,7.8,4.9
F15I3_48332_h5,5,-1,0.64,252,-5.37,1330,2.0,-92.0,3.1,17.1
F05I3_42258_h2,2,1,0.43,435,-0.94,1697,2.0,-20.0,5.3,21.8
F15I4_2141371_h5,5,1,0.54,285,-4.76,503,2.0,-31.0,3.5,6.4
F15I3_44709_h5,5,1,0.49,407,0.6,713,2.0,5.0,5.0,9.1
F15V4_10977083_h15,15,1,0.16,988,-4.96,1513,2.0,-96.0,12.0,19.4
F05I3_40017_h15,15,1,0.17,1014,-2.72,875,2.0,-31.0,12.4,11.2
M1B3_5757_h15,15,-1,0.27,615,-6.84,879,2.0,-77.0,7.5,11.3
F15V3_262826_h15,15,1,0.54,364,-5.51,848,2.0,-60.0,4.4,10.9
M1B4_302625_h30,30,-1,0.11,1162,-6.68,1642,2.0,-141.0,14.2,21.1
F15I3_44829_h5,5,1,0.4,430,-1.67,705,2.0,-15.0,5.2,9.0
F15V4_19934597_h15,15,1,0.25,812,-5.32,478,2.0,-33.0,9.9,6.1
F05I4_5307261_h5,5,-1,0.34,579,-4.56,969,2.0,-57.0,7.1,12.4
F15V4_13433903_h15,15,-1,0.46,445,-8.14,694,2.0,-72.0,5.4,8.9
F05I4_5081373_h5,5,-1,0.33,556,0.72,1122,2.0,10.0,6.8,14.4
F15I4_4801313_h5,5,1,0.3,461,0.76,698,2.0,7.0,5.6,8.9
F15I3_44927_h5,5,1,0.55,333,-3.03,567,2.0,-22.0,4.1,7.3
F15V4_10977083_h5,5,1,0.15,1122,-3.01,1779,2.0,-69.0,13.7,22.8
F15V4_24416639_h5,5,1,0.63,313,-8.0,481,2.0,-49.0,3.8,6.2
F15V4_12871798_h5,5,1,0.88,230,-2.57,602,2.0,-20.0,2.8,7.7
F15V4_22331795_h15,15,1,0.11,777,1.4,240,1.0,4.0,9.5,3.1
F15I3_109437_h15,15,-1,0.08,1082,-3.73,1607,1.0,-77.0,13.2,20.6
F15I4_5302559_h5,5,-1,0.25,402,-5.82,664,1.0,-50.0,4.9,8.5
F15I4_2594303_h5,5,1,0.14,419,-1.51,640,1.0,-12.0,5.1,8.2
F15I4_5307263_h5,5,1,0.19,450,-3.43,659,1.0,-29.0,5.5,8.4
F15I4_1920161_h5,5,-1,0.13,638,-2.57,841,1.0,-28.0,7.8,10.8
F15V3_32564_h15,15,1,0.12,485,-3.0,693,1.0,-27.0,5.9,8.9
F05I4_2428391_h5,5,-1,0.15,580,-4.02,1159,1.0,-60.0,7.1,14.9
F15V3_307535_h30,30,1,0.04,1368,-1.96,602,1.0,-15.0,16.7,7.7
F15V4_11197403_h5,5,1,0.35,307,-6.9,502,1.0,-44.0,3.7,6.4
F15I3_98800_h5,5,-1,0.14,332,-5.32,1429,1.0,-97.0,4.0,18.3
F15I4_5247359_h5,5,-1,0.21,322,-6.76,516,1.0,-45.0,3.9,6.6
F15I4_4574371_h5,5,1,0.3,313,-11.32,498,1.0,-72.0,3.8,6.4
F15V4_26625023_h15,15,1,0.08,947,-2.93,642,1.0,-24.0,11.5,8.2
F15V3_181330_h5,5,-1,0.17,251,-7.04,644,1.0,-58.0,3.1,8.3
F15V4_26683775_h15,15,1,0.17,609,-6.49,502,1.0,-42.0,7.4,6.4
F05I4_1929503_h5,5,-1,0.07,822,-4.73,1195,1.0,-72.0,10.0,15.3
M1B3_6897_h15,15,-1,0.24,421,0.7,687,1.0,6.0,5.1,8.8
F15V3_370607_h15,15,1,0.06,1202,-4.64,894,1.0,-53.0,14.7,11.5
F05V3_74448_h15,15,1,0.18,584,-2.07,1692,1.0,-45.0,7.1,21.7
F15I4_2649501_h5,5,-1,0.29,293,-2.78,534,1.0,-19.0,3.6,6.8
F05I4_2594301_h5,5,-1,0.13,683,-5.11,1136,1.0,-74.0,8.3,14.6
F05I3_104829_h5,5,-1,0.02,1147,-4.81,2085,0.0,-129.0,14.0,26.7
F15I4_1975361_h5,5,-1,-0.03,596,-4.84,866,-0.0,-54.0,7.3,11.1
F15V3_372797_h15,15,-1,-0.02,498,-2.75,298,-0.0,-11.0,6.1,3.8
F05I4_2202403_h2,2,1,0.02,586,-1.43,993,0.0,-18.0,7.1,12.7
F15I4_4575523_h5,5,-1,0.01,401,-1.77,602,0.0,-14.0,4.9,7.7
F05I3_41469_h5,5,-1,0.01,719,-6.28,1162,0.0,-94.0,8.8,14.9
M1B3_4591_h15,15,1,0.04,507,-5.0,344,0.0,-22.0,6.2,4.4
M1B3_3622_h15,15,1,0.07,470,-3.8,1083,0.0,-53.0,5.7,13.9
F15V3_147232_h5,5,1,0.0,404,0.97,820,0.0,10.0,4.9,10.5
F15V3_120923_h15,15,1,-0.02,719,-4.05,392,-0.0,-20.0,8.8,5.0
F15V4_26873417_h15,15,-1,0.03,999,-1.72,1467,0.0,-32.0,12.2,18.8
F05I3_99935_h15,15,1,0.02,1096,-3.64,1563,0.0,-73.0,13.4,20.0
F15V4_10976651_h15,15,-1,0.02,1317,-3.42,1941,0.0,-85.0,16.1,24.9
F15V4_20121221_h15,15,1,-0.0,864,0.74,509,-0.0,5.0,10.5,6.5
F15V4_24353957_h15,15,-1,0.05,598,-2.87,422,0.0,-16.0,7.3,5.4
F15V4_24537989_h15,15,1,0.05,680,-3.56,408,0.0,-19.0,8.3,5.2
F05I4_5303805_h5,5,-1,0.05,766,-4.04,1201,0.0,-62.0,9.3,15.4
F15V4_10976651_h30,30,-1,-0.02,1105,-5.25,1534,-0.0,-103.0,13.5,19.7
F05I3_55175_h2,2,-1,0.01,710,-6.01,1206,0.0,-93.0,8.7,15.5
F15I4_4800187_h5,5,1,0.08,324,-4.51,560,0.0,-32.0,4.0,7.2
F05I3_97554_h5,5,-1,-0.15,616,-5.29,2343,-1.0,-159.0,7.5,30.0
F05I4_5027327_h15,15,-1,-0.05,1164,-4.47,1824,-1.0,-105.0,14.2,23.4
F15V3_371945_h15,15,1,-0.13,591,-6.68,325,-1.0,-28.0,7.2,4.2
F15I4_5307165_h5,5,1,-0.24,489,-3.2,836,-1.0,-34.0,6.0,10.7
F05I4_4795459_h15,15,-1,-0.04,1298,-5.53,1867,-1.0,-132.0,15.8,23.9
F15V3_367954_h5,5,1,-0.19,291,-2.62,753,-1.0,-25.0,3.5,9.7
F05I4_5082597_h5,5,-1,-0.06,736,-3.36,1481,-1.0,-64.0,9.0,19.0
F05I4_1975363_h5,5,-1,-0.09,755,-6.88,1256,-1.0,-111.0,9.2,16.1
F15V3_323450_h5,5,-1,-0.42,235,-4.02,1408,-1.0,-73.0,2.9,18.1
F15I3_105887_h15,15,-1,-0.05,1734,-6.97,2465,-1.0,-220.0,21.1,31.6
F15I4_5308415_h5,5,1,-0.14,546,-4.1,748,-1.0,-39.0,6.7,9.6
M1B3_11503_h15,15,1,-0.18,557,-6.03,364,-1.0,-28.0,6.8,4.7
F15V4_13436921_h15,15,-1,-0.1,930,-3.29,1373,-1.0,-58.0,11.3,17.6
F15V4_26842313_h15,15,-1,-0.07,733,-6.55,1123,-1.0,-94.0,8.9,14.4
F05I3_105861_h15,15,-1,-0.04,1464,-3.12,2463,-1.0,-99.0,17.9,31.6
F15I3_104831_h15,15,-1,-0.08,879,-1.63,1367,-1.0,-29.0,10.7,17.5
F15V3_83966_h15,15,1,-0.16,619,-6.28,195,-1.0,-16.0,7.5,2.5
F05I4_5302559_h5,5,-1,-0.08,1036,-2.75,1747,-1.0,-62.0,12.6,22.4
F15I3_44735_h5,5,1,-0.17,360,-2.67,584,-1.0,-20.0,4.4,7.5
M1B4_165599_h15,15,1,-0.11,882,-2.65,1524,-1.0,-52.0,10.8,19.5
F05I3_37650_h5,5,1,-0.09,490,-1.68,1944,-1.0,-42.0,6.0,24.9
F05I3_109145_h2,2,-1,-0.12,742,-2.49,1191,-1.0,-38.0,9.0,15.3
F15V3_369353_h15,15,-1,-0.22,609,-0.09,343,-2.0,-0.0,7.4,4.4
F15V4_24414011_h5,5,-1,-0.33,506,-5.66,757,-2.0,-55.0,6.2,9.7
F05I3_96571_h15,15,-1,-0.13,1182,-5.36,1779,-2.0,-122.0,14.4,22.8
F15V4_26873807_h5,5,1,-0.27,705,-5.37,545,-2.0,-38.0,8.6,7.0
F15V3_149824_h5,5,1,-0.52,273,-2.4,573,-2.0,-18.0,3.3,7.3
F15V3_333856_h5,5,1,-0.67,297,-2.64,733,-2.0,-25.0,3.6,9.4
F15V4_13436879_h15,15,1,-0.22,651,-3.76,487,-2.0,-23.0,7.9,6.2
F15I4_4795457_h15,15,-1,-0.2,858,-1.83,1097,-2.0,-26.0,10.5,14.1
F15I4_1976609_h5,5,-1,-0.29,478,-9.94,670,-2.0,-85.0,5.8,8.6
F05I4_5087135_h5,5,-1,-0.12,1035,-1.33,1737,-2.0,-30.0,12.6,22.3
F05I4_5306975_h5,5,1,-0.22,676,-6.02,947,-2.0,-73.0,8.2,12.1
F15V3_341669_h30,30,-1,-0.06,2840,-4.98,3315,-2.0,-212.0,34.6,42.5
F15I4_5247263_h5,5,1,-0.36,527,-2.42,882,-2.0,-27.0,6.4,11.3
F05I3_105883_h5,5,-1,-0.28,686,-6.33,1191,-2.0,-97.0,8.4,15.3
F15I3_44831_h5,5,-1,-0.26,674,-5.18,964,-2.0,-64.0,8.2,12.4
F05I3_41469_h2,2,-1,-0.2,734,-6.32,1221,-2.0,-99.0,9.0,15.7
F05V4_13246847_h15,15,-1,-0.16,1020,-5.72,726,-2.0,-53.0,12.4,9.3
F15V3_3612_h5,5,1,-0.78,258,-3.49,577,-2.0,-26.0,3.1,7.4
F05I4_5303709_h2,2,-1,-0.31,610,-2.48,1200,-2.0,-38.0,7.4,15.4
F05V4_8895731_h15,15,1,-0.21,1145,-2.12,482,-3.0,-13.0,14.0,6.2
F15V4_26839727_h5,5,1,-0.47,495,0.05,666,-3.0,0.0,6.0,8.5
F05V3_154901_h2,2,1,-0.71,401,-2.0,1197,-3.0,-31.0,4.9,15.3
F15V3_369317_h15,15,1,-0.29,780,-2.79,424,-3.0,-15.0,9.5,5.4
F05V4_11101049_h15,15,1,-0.23,1092,-7.66,437,-3.0,-43.0,13.3,5.6
F15V3_74462_h5,5,1,-0.58,368,-4.79,1065,-3.0,-65.0,4.5,13.7
M1B3_3618_h30,30,1,-0.25,1030,-2.27,1452,-3.0,-42.0,12.6,18.6
F05I3_55265_h5,5,-1,-0.33,818,-2.61,1251,-3.0,-42.0,10.0,16.0
F05I3_109145_h5,5,-1,-0.42,719,-1.67,1157,-4.0,-25.0,8.8,14.8
F05I3_40017_h5,5,1,-0.33,1098,-2.6,944,-4.0,-31.0,13.4,12.1
F15I3_110567_h15,15,1,-0.29,1095,-5.19,1567,-4.0,-104.0,13.4,20.1
F05I3_48238_h5,5,1,-0.52,666,-1.9,2853,-4.0,-69.0,8.1,36.6
F05I4_4578883_h5,5,-1,-0.61,595,-7.71,988,-4.0,-98.0,7.3,12.7
F15V3_152927_h30,30,-1,-0.18,1990,-3.64,2447,-4.0,-114.0,24.3,31.4
F15V4_11163275_h5,5,-1,-0.53,604,-1.46,948,-4.0,-18.0,7.4,12.2
M1B4_130125_h15,15,-1,-0.49,711,-2.16,1138,-4.0,-32.0,8.7,14.6
F05I3_96569_h5,5,-1,-0.48,767,-2.35,1169,-4.0,-35.0,9.4,15.0
F05V4_10913573_h15,15,1,-0.23,1423,-1.47,653,-4.0,-12.0,17.4,8.4
F15V4_10977119_h15,15,-1,-0.22,1457,-5.19,2107,-4.0,-140.0,17.8,27.0
F05I3_31007_h15,15,1,-0.15,2150,-5.4,1929,-4.0,-134.0,26.2,24.7
F05V3_265637_h15,15,1,-0.37,879,-5.2,718,-4.0,-48.0,10.7,9.2
F15V3_338249_h15,15,-1,-0.32,958,-4.89,647,-4.0,-41.0,11.7,8.3
F05V3_149824_h5,5,1,-0.66,442,-2.76,903,-4.0,-32.0,5.4,11.6
F15V3_339119_h5,5,1,-0.19,1554,-1.71,2104,-4.0,-46.0,19.0,27.0
F05V4_11194379_h15,15,-1,-0.45,938,-9.73,1415,-5.0,-177.0,11.4,18.1
M1B3_13439_h15,15,-1,-0.59,727,1.52,676,-5.0,13.0,8.9,8.7
F15V4_13249439_h5,5,1,-0.79,485,0.49,342,-5.0,2.0,5.9,4.4
F15V4_11008187_h5,5,1,-0.5,796,-1.86,1234,-5.0,-29.0,9.7,15.8
F05I4_5087009_h2,2,1,-0.72,585,-3.73,907,-5.0,-43.0,7.1,11.6
F15V3_183155_h15,15,1,-0.34,1097,-3.83,543,-5.0,-27.0,13.4,7.0
F05I4_1981123_h2,2,-1,-0.71,569,-5.19,995,-5.0,-66.0,6.9,12.8
F05I4_5307143_h2,2,-1,-0.66,620,-2.29,1072,-5.0,-31.0,7.6,13.7
F05I3_41467_h15,15,-1,-0.28,1555,-5.1,2041,-5.0,-133.0,19.0,26.2
F15V4_26656127_h5,5,1,-0.69,578,-4.96,802,-5.0,-51.0,7.0,10.3
F05V4_10600732_h5,5,1,-1.01,414,1.4,883,-5.0,16.0,5.0,11.3
F15V3_89369_h30,30,1,-0.3,1378,-2.36,598,-5.0,-18.0,16.8,7.7
F15V3_90233_h30,30,1,-0.36,1213,-4.4,606,-5.0,-34.0,14.8,7.8
F05I4_4634203_h5,5,-1,-0.6,691,-3.27,1044,-5.0,-44.0,8.4,13.4
F05I4_1975459_h5,5,-1,-0.64,588,-7.65,1093,-5.0,-107.0,7.2,14.0
F05V4_24416633_h5,5,1,-0.65,688,-2.32,1141,-5.0,-34.0,8.4,14.6
F15V3_91961_h30,30,1,-0.3,1311,-6.53,530,-5.0,-44.0,16.0,6.8
M1B4_136749_h15,15,-1,-0.48,793,-4.79,1210,-5.0,-74.0,9.7,15.5
F15V3_178774_h5,5,1,-0.95,389,-2.81,980,-5.0,-35.0,4.7,12.6
F05I3_45787_h5,5,-1,-0.35,1096,-5.14,1848,-5.0,-122.0,13.4,23.7
F05V4_24602825_h15,15,-1,-0.33,1224,-4.06,1771,-5.0,-92.0,14.9,22.7
F15I4_1979995_h5,5,1,-0.66,646,-4.85,812,-5.0,-50.0,7.9,10.4
M1B3_5471_h15,15,-1,-0.51,1037,-3.27,1552,-6.0,-65.0,12.6,19.9
F05I4_5087109_h2,2,-1,-0.83,549,-1.08,1041,-6.0,-14.0,6.7,13.3
F15V3_121787_h15,15,1,-0.58,802,-5.02,541,-6.0,-35.0,9.8,6.9
F05I3_55199_h15,15,-1,-0.25,2033,-6.48,2960,-6.0,-246.0,24.8,37.9
F05I3_55197_h15,15,-1,-0.36,1382,-9.17,2254,-6.0,-265.0,16.9,28.9
F05V3_134798_h5,5,1,-1.05,496,-3.84,1485,-6.0,-73.0,6.0,19.0
F05V3_152445_h5,5,1,-0.84,610,-5.78,836,-6.0,-62.0,7.4,10.7
F05V3_113183_h15,15,-1,-0.57,809,-1.82,768,-6.0,-18.0,9.9,9.8
M1B3_3890_h15,15,1,-0.61,766,-2.89,804,-6.0,-30.0,9.3,10.3
F05I3_44731_h15,15,1,-0.31,1539,1.47,2395,-6.0,45.0,18.8,30.7
F05I4_4634203_h2,2,-1,-0.64,707,-2.52,1081,-6.0,-35.0,8.6,13.9
F05I3_95417_h5,5,-1,-0.72,669,-4.87,1162,-6.0,-73.0,8.2,14.9
F05I3_110491_h5,5,1,-0.53,901,-6.39,1448,-6.0,-119.0,11.0,18.6
F15V3_336412_h5,5,1,-1.02,476,-0.32,1178,-6.0,-5.0,5.8,15.1
F15V4_10979273_h30,30,-1,-0.32,1410,-7.48,1958,-6.0,-188.0,17.2,25.1
F05I3_104805_h5,5,-1,-0.43,1145,-5.53,2023,-6.0,-143.0,14.0,25.9
F05I3_55175_h5,5,-1,-0.71,683,-5.72,1148,-6.0,-84.0,8.3,14.7
F05I4_1920069_h2,2,1,-0.62,787,-3.88,1167,-6.0,-58.0,9.6,15.0
F05V4_13249439_h15,15,1,-0.44,1072,-3.81,762,-6.0,-37.0,13.1,9.8
F05I3_54023_h5,5,1,-0.71,798,-5.08,1345,-7.0,-88.0,9.7,17.2
F15I4_1924769_h5,5,-1,-0.93,610,-3.82,873,-7.0,-43.0,7.4,11.2
F05V3_295256_h2,2,1,-1.52,380,-3.45,1215,-7.0,-54.0,4.6,15.6
F05I3_40199_h5,5,1,-0.56,960,-4.55,1414,-7.0,-82.0,11.7,18.1
F15I4_4800163_h5,5,1,-0.82,703,-2.96,1211,-7.0,-46.0,8.6,15.5
F05I3_98802_h2,2,1,-1.13,512,-3.07,1857,-7.0,-73.0,6.2,23.8
F15V4_11010773_h5,5,-1,-1.21,477,-2.24,724,-7.0,-21.0,5.8,9.3
F05I3_110565_h15,15,-1,-0.19,3031,-2.44,4179,-7.0,-131.0,37.0,53.6
F05I4_2431751_h2,2,-1,-0.95,587,-4.61,989,-7.0,-58.0,7.2,12.7
F05V3_297071_h5,5,-1,-0.89,668,-2.96,935,-7.0,-35.0,8.1,12.0
F05V3_360287_h5,5,-1,-1.16,481,-4.65,1532,-7.0,-91.0,5.9,19.6
F05I4_5248413_h5,5,-1,-0.52,1118,-2.96,2000,-7.0,-76.0,13.6,25.6
F05I3_96475_h2,2,-1,-0.61,982,-2.58,1615,-7.0,-53.0,12.0,20.7
F15V4_26870399_h15,15,1,-0.64,842,-7.43,659,-7.0,-63.0,10.3,8.4
F15I3_110563_h5,5,1,-0.85,809,-4.03,990,-8.0,-51.0,9.9,12.7
F15I3_50679_h5,5,1,-0.84,739,-7.36,502,-8.0,-47.0,9.0,6.4
F05I3_105573_h5,5,1,-0.83,823,-4.16,729,-8.0,-39.0,10.0,9.3
F15V4_24412745_h5,5,-1,-1.18,556,-4.73,330,-8.0,-20.0,6.8,4.2
F05V4_12871798_h2,2,-1,-1.31,475,-5.64,1141,-8.0,-83.0,5.8,14.6
F05V4_8706527_h15,15,1,-0.59,1060,-6.8,532,-8.0,-46.0,12.9,6.8
F05I4_2594301_h2,2,-1,-0.87,707,-5.04,1178,-8.0,-76.0,8.6,15.1
F15V3_372809_h30,30,-1,-0.4,1543,-6.8,2021,-8.0,-176.0,18.8,25.9
F15V4_10979711_h5,5,-1,-0.74,853,-2.59,1290,-8.0,-43.0,10.4,16.5
F05I4_2648351_h2,2,1,-1.25,539,-1.11,962,-8.0,-14.0,6.6,12.3
F05I3_105953_h15,15,-1,-0.42,1505,-4.81,2335,-8.0,-144.0,18.4,29.9
F05I3_45761_h15,15,-1,-0.4,1646,-3.04,2471,-8.0,-96.0,20.1,31.7
F05I4_2427263_h2,2,1,-1.25,529,-4.05,958,-8.0,-50.0,6.5,12.3
F15V4_24412709_h15,15,1,-0.72,982,-4.17,608,-9.0,-33.0,12.0,7.8
F05I4_5307261_h2,2,-1,-1.24,596,-4.83,1015,-9.0,-63.0,7.3,13.0
F05V4_8709071_h15,15,1,-0.61,1149,-3.57,425,-9.0,-19.0,14.0,5.4
F05I4_5085981_h5,5,-1,-0.86,873,-4.96,1705,-9.0,-108.0,10.6,21.9
F05I4_2373119_h15,15,-1,-0.44,1642,-3.96,2378,-9.0,-121.0,20.0,30.5
F05I3_97650_h2,2,1,-1.17,644,-2.63,2163,-9.0,-73.0,7.9,27.7
F05I3_45785_h2,2,1,-1.22,624,-3.57,1164,-9.0,-53.0,7.6,14.9
F05V4_8771291_h15,15,1,-0.66,1103,-1.15,747,-9.0,-11.0,13.5,9.6
F05I4_5085981_h2,2,-1,-0.82,907,-4.09,1820,-9.0,-95.0,11.1,23.3
F05V4_6435449_h15,15,1,-0.6,1215,-3.98,467,-9.0,-24.0,14.8,6.0
F05V3_62222_h15,15,1,-0.79,903,-1.68,1837,-9.0,-40.0,11.0,23.6
F15V4_6684329_h5,5,-1,-1.31,543,-3.2,330,-9.0,-14.0,6.6,4.2
F05V4_26687219_h15,15,1,-0.45,1565,-1.78,1031,-9.0,-24.0,19.1,13.2
F05I4_5297755_h2,2,1,-1.22,627,0.08,921,-9.0,1.0,7.6,11.8
F15I4_2433023_h5,5,1,-0.88,804,-1.45,1169,-9.0,-22.0,9.8,15.0
F15I4_2145953_h5,5,1,-0.94,744,-3.69,1175,-9.0,-56.0,9.1,15.1
F05V3_186621_h2,2,1,-1.5,498,-4.23,1608,-9.0,-87.0,6.1,20.6
F15V3_32564_h5,5,1,-1.47,497,-3.0,712,-9.0,-27.0,6.1,9.1
F05V4_10598140_h2,2,1,-1.49,571,-0.1,1349,-10.0,-2.0,7.0,17.3
F05I4_2432925_h5,5,-1,-0.84,952,-3.7,1793,-10.0,-85.0,11.6,23.0
F15V4_13436921_h5,5,-1,-0.77,1056,-2.59,1569,-10.0,-52.0,12.9,20.1
F05I4_2593055_h2,2,1,-1.21,646,-1.36,1099,-10.0,-19.0,7.9,14.1
F05I4_4635425_h2,2,-1,-1.37,603,-5.19,946,-10.0,-63.0,7.4,12.1
F05I4_5027229_h2,2,-1,-1.11,774,-2.96,1521,-10.0,-58.0,9.4,19.5
F15I3_44705_h15,15,-1,-0.41,2095,-6.5,2876,-10.0,-240.0,25.5,36.9
F05I4_5082527_h5,5,-1,-0.85,956,-2.96,1886,-10.0,-72.0,11.7,24.2
F05V3_323452_h2,2,-1,-1.75,489,-5.4,2131,-10.0,-148.0,6.0,27.3
F05V3_31116_h5,5,1,-1.34,643,-3.96,1162,-11.0,-59.0,7.8,14.9
F05I4_5086079_h2,2,1,-1.38,681,-2.39,1252,-11.0,-38.0,8.3,16.1
F05I4_2141275_h5,5,1,-0.72,1295,-4.26,1999,-11.0,-109.0,15.8,25.6
F15V4_8954495_h5,5,1,-1.41,643,-2.85,327,-11.0,-12.0,7.8,4.2
F15V4_8895743_h5,5,1,-1.44,641,-3.2,312,-11.0,-13.0,7.8,4.0
F05I3_105885_h15,15,-1,-0.52,1717,-4.28,2823,-11.0,-155.0,20.9,36.2
F15V3_369317_h5,5,1,-1.09,829,-4.08,460,-11.0,-24.0,10.1,5.9
F05V3_151433_h5,5,1,-0.91,999,-2.99,860,-11.0,-33.0,12.2,11.0
F15I3_110207_h5,5,1,-1.15,749,-3.19,575,-11.0,-24.0,9.1,7.4
F15I3_54143_h5,5,1,-1.04,894,-1.63,1310,-11.0,-27.0,10.9,16.8
F05I4_1920089_h5,5,1,-0.96,918,-2.35,1473,-11.0,-44.0,11.2,18.9
F05V3_149824_h2,2,1,-1.65,525,-1.36,1055,-11.0,-18.0,6.4,13.5
F05V4_48_h15,15,1,-0.65,1400,-3.42,2385,-11.0,-105.0,17.1,30.6
F05V4_6496793_h15,15,1,-0.82,1230,-1.72,469,-12.0,-10.0,15.0,6.0
F05I4_2142523_h2,2,1,-1.37,737,-1.91,1282,-12.0,-31.0,9.0,16.4
F05V4_10978373_h15,15,1,-0.52,1832,-4.1,1176,-12.0,-62.0,22.3,15.1
F05I4_1979993_h5,5,-1,-0.93,1016,-4.92,1545,-12.0,-97.0,12.4,19.8
F05V3_295400_h5,5,1,-1.55,656,-1.48,917,-12.0,-17.0,8.0,11.8
F15V3_120923_h5,5,1,-1.21,781,-3.38,417,-12.0,-18.0,9.5,5.3
F05V3_152445_h2,2,1,-1.62,622,-3.79,859,-12.0,-42.0,7.6,11.0
F15V3_373229_h5,5,1,-1.25,774,-6.96,435,-12.0,-39.0,9.4,5.6
F05V3_89375_h15,15,1,-0.77,1228,-1.69,416,-12.0,-9.0,15.0,5.3
F15V3_64800_h5,5,1,-1.65,611,-2.72,1298,-12.0,-45.0,7.5,16.6
F15I3_40003_h15,15,-1,-0.6,1688,-1.94,2212,-12.0,-55.0,20.6,28.4
M1B4_324863_h15,15,-1,-0.77,1273,-1.39,2078,-12.0,-37.0,15.5,26.6
F15V3_152051_h15,15,1,-1.0,996,-4.62,369,-12.0,-22.0,12.1,4.7
F05V4_24416597_h5,5,1,-1.05,925,-1.29,1448,-12.0,-24.0,11.3,18.6
F05I4_5248413_h2,2,-1,-0.83,1179,-3.48,2148,-12.0,-96.0,14.4,27.5
M1B4_302625_h15,15,-1,-0.75,1420,-5.06,2052,-13.0,-133.0,17.3,26.3
F15I4_4800161_h5,5,-1,-1.29,832,-6.22,1301,-13.0,-104.0,10.1,16.7
F05V4_24221692_h2,2,1,-1.8,602,-2.57,1211,-13.0,-40.0,7.3,15.5
F05I4_2145955_h2,2,-1,-1.33,806,-5.12,1429,-13.0,-94.0,9.8,18.3
M1B3_6899_h15,15,1,-0.84,1287,-2.07,2080,-13.0,-55.0,15.7,26.7
M1B3_2308_h15,15,1,-0.98,1081,-3.28,911,-13.0,-38.0,13.2,11.7
F15I3_105959_h5,5,-1,-1.09,945,-2.33,1637,-13.0,-49.0,11.5,21.0
F05I4_4634273_h5,5,-1,-1.07,1001,-2.92,1544,-13.0,-58.0,12.2,19.8
F05I3_96569_h2,2,-1,-1.38,796,-1.9,1228,-13.0,-30.0,9.7,15.7
F15V3_124415_h30,30,1,-0.53,2030,-3.09,1413,-13.0,-56.0,24.8,18.1
F05I4_5307141_h5,5,1,-0.99,1117,-2.93,1853,-13.0,-70.0,13.6,23.8
F05V3_339075_h2,2,-1,-1.9,553,-4.35,1757,-13.0,-98.0,6.7,22.5
F05I4_5251871_h5,5,-1,-1.06,1012,0.5,1646,-13.0,11.0,12.3,21.1
F05I4_1981121_h5,5,1,-1.2,911,-4.54,1314,-13.0,-76.0,11.1,16.8
F15I4_4796705_h5,5,1,-1.3,831,-3.42,1062,-13.0,-47.0,10.1,13.6
F05V4_10975817_h15,15,1,-0.88,1301,-6.25,890,-14.0,-71.0,15.9,11.4
F05V4_13433897_h2,2,-1,-1.63,693,-3.13,1098,-14.0,-44.0,8.5,14.1
F05I4_2141275_h2,2,1,-0.82,1381,-2.44,2146,-14.0,-67.0,16.8,27.5
F15V3_121811_h15,15,1,-1.04,1087,-1.85,545,-14.0,-13.0,13.3,7.0
F05I4_1920095_h5,5,-1,-1.16,964,-5.55,1389,-14.0,-99.0,11.8,17.8
F05V4_24035068_h5,5,1,-1.54,733,-1.22,1561,-14.0,-24.0,8.9,20.0
F15I3_99931_h15,15,-1,-0.67,1718,-7.45,2191,-14.0,-209.0,21.0,28.1
F05I4_4796635_h2,2,-1,-1.46,768,-2.21,1147,-14.0,-32.0,9.4,14.7
F05I4_5251871_h2,2,-1,-1.11,1058,-2.74,1743,-14.0,-61.0,12.9,22.3
F05V4_13436921_h15,15,-1,-0.68,1692,-5.42,2547,-14.0,-177.0,20.6,32.7
F15V3_339083_h15,15,-1,-0.92,1229,-5.24,1654,-14.0,-111.0,15.0,21.2
F05V3_265625_h15,15,1,-1.04,1133,-2.92,659,-14.0,-25.0,13.8,8.4
F15V4_26873849_h15,15,-1,-0.89,1294,-9.16,1790,-14.0,-210.0,15.8,22.9
F05I3_109149_h5,5,-1,-0.97,1167,-5.46,1696,-14.0,-119.0,14.2,21.7
F05I3_54117_h5,5,1,-1.14,986,-3.02,1703,-14.0,-66.0,12.0,21.8
M1B3_5421_h30,30,-1,-0.82,1415,-8.89,1920,-14.0,-219.0,17.3,24.6
F05V4_11194811_h5,5,1,-1.13,1093,-0.04,1737,-15.0,-1.0,13.3,22.3
F05V4_26839727_h5,5,1,-1.49,800,-6.66,1342,-15.0,-115.0,9.8,17.2
F05I3_110491_h2,2,1,-1.35,931,-4.48,1496,-15.0,-86.0,11.4,19.2
F05V4_24540581_h5,5,1,-1.29,961,-4.31,552,-15.0,-31.0,11.7,7.1
M1B4_296001_h15,15,-1,-1.07,1125,-6.53,1630,-15.0,-136.0,13.7,20.9
F15V3_183983_h5,5,1,-1.68,723,-2.41,574,-15.0,-18.0,8.8,7.4
F05I4_2432901_h2,2,-1,-1.48,826,-3.39,1621,-15.0,-70.0,10.1,20.8
F15V4_26839685_h15,15,1,-0.88,1434,-3.02,1983,-15.0,-77.0,17.5,25.4
F15V3_121787_h5,5,1,-1.37,868,-3.25,586,-15.0,-24.0,10.6,7.5
F05I3_55261_h2,2,1,-1.48,808,-3.51,749,-15.0,-34.0,9.9,9.6
F05V3_297071_h2,2,-1,-1.74,686,-3.42,973,-15.0,-43.0,8.4,12.5
F05I3_41443_h5,5,1,-1.01,1189,-1.91,1750,-15.0,-43.0,14.5,22.4
F05I4_5307237_h2,2,-1,-1.57,767,-3.85,1270,-15.0,-63.0,9.4,16.3
F05V4_13247675_h15,15,1,-0.93,1331,-0.92,2139,-15.0,-25.0,16.2,27.4
F15V4_19937189_h5,5,1,-1.56,843,-5.49,478,-16.0,-34.0,10.3,6.1
F05V4_24351353_h5,5,1,-1.11,1195,-3.5,536,-16.0,-24.0,14.6,6.9
F05I3_40199_h2,2,1,-1.31,1003,-2.07,1481,-16.0,-39.0,12.2,19.0
F05I3_40319_h5,5,1,-0.96,1331,-3.81,1954,-16.0,-95.0,16.2,25.1
F05V3_75218_h5,5,1,-1.57,813,-3.61,985,-16.0,-46.0,9.9,12.6
F05I4_5253023_h2,2,-1,-1.65,799,-5.13,1407,-16.0,-93.0,9.7,18.0
F05V4_11103653_h15,15,-1,-0.98,1347,-5.15,890,-16.0,-59.0,16.4,11.4
F05I4_4796731_h5,5,1,-1.34,1063,-2.05,1516,-17.0,-40.0,13.0,19.4
F15V4_11010779_h5,5,-1,-1.3,1062,-3.63,1650,-17.0,-77.0,13.0,21.2
F05I3_55265_h2,2,-1,-1.61,847,-2.47,1300,-17.0,-41.0,10.3,16.7
F05I4_1980091_h2,2,1,-1.59,897,-2.92,1454,-17.0,-54.0,10.9,18.6
F15V4_26873417_h5,5,-1,-1.24,1143,-3.97,1710,-17.0,-87.0,13.9,21.9
F05V4_8771291_h5,5,1,-1.13,1235,-3.32,852,-17.0,-36.0,15.1,10.9
F15V3_154205_h5,5,1,-1.69,824,-3.32,329,-17.0,-14.0,10.0,4.2
F05I4_5082527_h2,2,-1,-1.36,1008,-3.33,2009,-17.0,-86.0,12.3,25.8
F15I3_49535_h5,5,-1,-1.44,1027,-4.69,1652,-18.0,-99.0,12.5,21.2
F05I4_5087135_h2,2,-1,-1.4,1078,-2.23,1851,-18.0,-53.0,13.1,23.7
F05V3_112989_h5,5,-1,-1.83,823,-1.71,1006,-18.0,-22.0,10.0,12.9
F05I3_110567_h15,15,-1,-0.72,2072,-7.23,2872,-18.0,-266.0,25.3,36.8
F05V3_311033_h15,15,1,-1.1,1363,-1.26,789,-18.0,-13.0,16.6,10.1
F05V4_24035068_h2,2,1,-1.72,876,-0.09,1883,-18.0,-2.0,10.7,24.1
F05I3_108951_h15,15,1,-0.79,1948,-4.74,1282,-19.0,-78.0,23.8,16.4
F05V3_338237_h15,15,-1,-0.89,1727,-1.82,730,-19.0,-17.0,21.1,9.4
F05V3_373229_h15,15,1,-0.95,1639,-4.56,924,-19.0,-54.0,20.0,11.8
F05V4_26656121_h5,5,-1,-1.37,1110,-5.73,1518,-19.0,-112.0,13.5,19.5
F05I3_99935_h5,5,1,-1.31,1246,-5.78,1851,-20.0,-137.0,15.2,23.7
F05V4_26839691_h2,2,1,-1.89,886,-5.99,1309,-20.0,-101.0,10.8,16.8
F05V4_13433435_h5,5,1,-1.61,1022,-5.17,760,-20.0,-50.0,12.5,9.7
F05I4_5027327_h5,5,-1,-1.2,1353,-3.42,2211,-20.0,-97.0,16.5,28.3
F15V4_26684603_h5,5,-1,-1.2,1397,-4.98,2504,-20.0,-160.0,17.0,32.1
F15I3_109437_h5,5,-1,-1.38,1218,-2.91,1892,-20.0,-71.0,14.9,24.3
F15V3_184019_h5,5,1,-1.59,1043,1.46,693,-20.0,13.0,12.7,8.9
F05V3_151481_h2,2,1,-2.17,747,-3.14,1164,-20.0,-47.0,9.1,14.9
F05I4_5302559_h2,2,-1,-1.5,1082,-3.77,1854,-20.0,-90.0,13.2,23.8
F05V3_3650_h15,15,1,-1.2,1413,-5.18,1630,-21.0,-108.0,17.2,20.9
F05V4_26839727_h2,2,1,-2.09,841,-5.63,1406,-21.0,-101.0,10.3,18.0
F15V3_90275_h5,5,1,-1.97,858,-4.44,301,-21.0,-17.0,10.5,3.9
F15V4_20121221_h5,5,1,-1.82,941,-3.25,536,-21.0,-22.0,11.5,6.9
F05I4_4796731_h2,2,1,-1.53,1120,0.06,1591,-21.0,1.0,13.7,20.4
F05V4_11163311_h5,5,1,-1.34,1313,-3.62,2032,-21.0,-94.0,16.0,26.1
F05V4_19871513_h15,15,1,-1.04,1623,-4.81,519,-21.0,-32.0,19.8,6.7
F05V4_10976669_h15,15,1,-1.07,1572,-2.73,1014,-21.0,-35.0,19.2,13.0
F05V4_26653499_h5,5,-1,-1.14,1539,-5.78,2326,-21.0,-172.0,18.8,29.8
F15V3_186575_h15,15,1,-1.06,1625,-5.09,1152,-21.0,-75.0,19.8,14.8
F05I4_2594303_h5,5,-1,-1.46,1211,-2.22,1824,-22.0,-52.0,14.8,23.4
F05I4_4855363_h5,5,1,-1.44,1238,-5.6,1822,-22.0,-131.0,15.1,23.4
F15V4_26655653_h5,5,1,-1.85,972,-0.59,1373,-22.0,-10.0,11.9,17.6
F05V3_151433_h2,2,1,-1.78,1018,-3.34,893,-22.0,-38.0,12.4,11.4
F05V3_365398_h2,2,1,-2.05,874,-3.82,2110,-22.0,-103.0,10.7,27.1
F05I4_5248511_h15,15,-1,-0.94,1906,-5.71,2727,-22.0,-200.0,23.2,35.0
F15V4_24600197_h30,30,-1,-0.79,2309,-7.05,2809,-22.0,-254.0,28.2,36.0
F05I3_40197_h5,5,-1,-0.94,1913,-4.73,2845,-22.0,-173.0,23.3,36.5
F15V3_151625_h15,15,-1,-1.38,1391,-2.02,871,-23.0,-23.0,17.0,11.2
F15V3_152927_h15,15,-1,-0.7,2641,-4.14,3480,-23.0,-185.0,32.2,44.6
F05I4_1979993_h2,2,-1,-1.74,1078,-3.65,1616,-23.0,-76.0,13.1,20.7
F05V3_124361_h15,15,1,-1.33,1398,-3.7,579,-23.0,-27.0,17.0,7.4
F05I3_105979_h5,5,1,-1.3,1448,-2.19,2172,-23.0,-61.0,17.7,27.8
F15I3_96545_h5,5,-1,-1.36,1415,-6.47,2053,-23.0,-170.0,17.3,26.3
F05V3_336412_h2,2,1,-2.01,995,-2.2,2042,-24.0,-58.0,12.1,26.2
F05I3_104829_h2,2,-1,-1.62,1212,-4.96,2233,-24.0,-142.0,14.8,28.6
F15V4_13436063_h5,5,1,-1.93,1039,-4.16,631,-24.0,-34.0,12.7,8.1
F05I3_50663_h15,15,-1,-0.96,2133,-4.95,3084,-25.0,-196.0,26.0,39.5
F05V3_154037_h2,2,1,-2.16,966,-2.56,1432,-25.0,-47.0,11.8,18.4
F15I3_110567_h5,5,1,-1.6,1272,-4.18,1839,-25.0,-99.0,15.5,23.6
F15V4_24416201_h15,15,-1,-1.28,1610,-5.1,2251,-25.0,-147.0,19.6,28.9
F15I3_44707_h5,5,1,-1.2,1695,-1.7,2568,-25.0,-56.0,20.7,32.9
F05V3_339119_h15,15,1,-0.97,2114,-0.48,2911,-25.0,-18.0,25.8,37.3
F05I3_104735_h15,15,-1,-0.75,2718,-6.21,3860,-25.0,-307.0,33.1,49.5
F05V4_11010773_h2,2,-1,-1.82,1109,-3.48,1655,-25.0,-74.0,13.5,21.2
F05V4_13436879_h15,15,1,-1.23,1695,-2.3,1206,-25.0,-36.0,20.7,15.5
F05V4_11194811_h2,2,1,-1.77,1165,-1.86,1864,-25.0,-44.0,14.2,23.9
F15I3_49437_h5,5,-1,-1.47,1442,-1.58,2405,-26.0,-49.0,17.6,30.8
F05V3_92861_h15,15,1,-1.37,1558,-2.39,639,-26.0,-20.0,19.0,8.2
F05V4_13433903_h2,2,-1,-2.02,1063,-3.67,1563,-26.0,-74.0,13.0,20.0
F15V3_62208_h5,5,1,-2.01,1051,-2.96,2141,-26.0,-81.0,12.8,27.4
F05I3_109437_h5,5,-1,-1.05,2016,-3.19,3365,-26.0,-138.0,24.6,43.1
F05V4_12_h15,15,1,-1.03,2148,-2.41,3227,-27.0,-100.0,26.2,41.4
M1B3_12333_h15,15,-1,-1.41,1577,-5.16,2220,-27.0,-147.0,19.2,28.5
F05I4_2428413_h2,2,-1,-1.92,1137,-2.84,2014,-27.0,-73.0,13.9,25.8
F05I3_40017_h2,2,1,-1.97,1130,-2.07,967,-27.0,-26.0,13.8,12.4
F15V4_26687195_h15,15,-1,-1.21,1833,-7.11,2742,-27.0,-250.0,22.4,35.2
F15I3_110369_h5,5,1,-1.73,1312,-4.97,1584,-28.0,-101.0,16.0,20.3
F15V3_183155_h5,5,1,-1.85,1239,-3.74,597,-28.0,-29.0,15.1,7.7
F05I3_104805_h2,2,-1,-1.9,1215,-5.23,2181,-28.0,-146.0,14.8,28.0
F05I3_105885_h5,5,-1,-1.11,2087,-2.96,3777,-28.0,-143.0,25.5,48.4
F05I4_2373093_h2,2,1,-1.87,1263,-3.53,2139,-29.0,-97.0,15.4,27.4
F05V4_10975817_h5,5,1,-1.62,1489,-3.78,987,-29.0,-48.0,18.2,12.7
F15V3_339083_h5,5,-1,-1.74,1384,-3.7,1938,-29.0,-92.0,16.9,24.8
F15I3_105887_h5,5,-1,-1.13,2102,-4.44,3187,-29.0,-181.0,25.6,40.9
F05V4_24414011_h2,2,1,-2.22,1107,-4.44,1703,-30.0,-97.0,13.5,21.8
F05I3_105953_h5,5,-1,-1.37,1796,-2.85,2936,-30.0,-107.0,21.9,37.6
F05V4_8895731_h5,5,1,-1.89,1308,-1.98,537,-30.0,-14.0,16.0,6.9
F05I3_40031_h15,15,-1,-1.01,2423,-3.57,3271,-30.0,-150.0,29.5,41.9
F05I3_41443_h2,2,1,-2.06,1246,-2.2,1827,-31.0,-52.0,15.2,23.4
M1B3_12609_h15,15,-1,-1.24,2081,-3.69,2826,-31.0,-134.0,25.4,36.2
F05V3_124401_h5,5,1,-2.08,1266,-4.28,1094,-32.0,-60.0,15.4,14.0
F05V4_11194415_h2,2,1,-2.12,1290,-2.92,1754,-33.0,-66.0,15.7,22.5
F05V4_24412745_h2,2,1,-2.18,1249,-4.29,813,-33.0,-45.0,15.2,10.4
F15V3_152447_h5,5,-1,-2.19,1231,-4.42,698,-33.0,-40.0,15.0,8.9
F05V4_24353957_h5,5,-1,-1.73,1581,-4.01,994,-33.0,-51.0,19.3,12.7
F05I3_96571_h2,2,-1,-1.81,1477,-5.04,2264,-33.0,-146.0,18.0,29.0
F15I3_110493_h5,5,-1,-1.81,1484,-4.97,2392,-33.0,-152.0,18.1,30.7
F05V4_26656121_h2,2,-1,-2.33,1165,-4.73,1611,-33.0,-98.0,14.2,20.7
F15V3_372809_h15,15,-1,-1.43,1964,-6.3,2684,-34.0,-217.0,24.0,34.4
F15I3_55199_h5,5,-1,-1.84,1503,-3.09,2234,-34.0,-89.0,18.3,28.6
F05V3_340841_h5,5,1,-1.94,1454,-4.37,876,-34.0,-49.0,17.7,11.2
F05V4_4478976_h5,5,1,-1.6,1762,-3.0,3183,-34.0,-122.0,21.5,40.8
F05I3_105959_h5,5,-1,-1.61,1743,-2.17,3050,-34.0,-85.0,21.3,39.1
F05I4_2142497_h5,5,1,-1.66,1743,-2.1,2714,-35.0,-73.0,21.3,34.8
F15V3_89369_h15,15,1,-1.66,1712,-4.19,728,-35.0,-39.0,20.9,9.3
F05V3_154217_h15,15,-1,-1.3,2183,-5.43,1361,-35.0,-95.0,26.6,17.4
F05V3_184019_h15,15,1,-1.38,2107,-3.23,1457,-35.0,-60.0,25.7,18.7
F05V3_64800_h2,2,1,-2.42,1214,-2.85,2565,-36.0,-94.0,14.8,32.9
F05I3_109125_h5,5,-1,-1.62,1832,-4.52,2691,-36.0,-156.0,22.3,34.5
F05I4_2373119_h5,5,-1,-1.48,2012,-4.62,3035,-36.0,-180.0,24.5,38.9
F05V3_370211_h5,5,1,-2.19,1397,-4.01,740,-37.0,-38.0,17.0,9.5
F05V4_13247675_h5,5,1,-1.84,1656,-0.05,2755,-37.0,-2.0,20.2,35.3
F05I3_95323_h5,5,-1,-1.19,2565,-2.98,3808,-37.0,-145.0,31.3,48.8
F05V4_8771291_h2,2,1,-2.39,1300,-2.26,881,-38.0,-26.0,15.9,11.3
F05V4_13436879_h5,5,1,-1.56,1981,-2.39,1406,-38.0,-43.0,24.2,18.0
F05V4_26870825_h5,5,-1,-2.13,1485,-2.78,2384,-39.0,-85.0,18.1,30.6
F15V3_123551_h15,15,1,-1.48,2141,-2.6,1050,-39.0,-35.0,26.1,13.5
F05V4_62208_h5,5,1,-1.86,1773,-2.72,3126,-40.0,-109.0,21.6,40.1
F05V4_26624987_h2,2,1,-2.27,1489,-5.43,1056,-41.0,-74.0,18.2,13.5
F15V3_90281_h5,5,1,-2.16,1538,-4.74,943,-41.0,-57.0,18.8,12.1
F05V3_92873_h15,15,1,-1.52,2191,-1.97,1402,-41.0,-35.0,26.7,18.0
F15I3_45857_h5,5,1,-1.76,1915,-2.07,2630,-41.0,-70.0,23.4,33.7
F15I3_110565_h5,5,1,-1.88,1821,-2.48,2729,-42.0,-87.0,22.2,35.0
F05V4_26870825_h2,2,-1,-2.11,1617,-4.27,2590,-42.0,-142.0,19.7,33.2
F05V4_26653499_h2,2,-1,-2.09,1657,-4.51,2522,-42.0,-146.0,20.2,32.3
F05V3_147196_h2,2,1,-2.3,1500,-0.59,3270,-42.0,-25.0,18.3,41.9
F05V4_26870795_h5,5,-1,-2.05,1699,-4.13,2607,-42.0,-138.0,20.7,33.4
F15I3_55295_h5,5,1,-1.9,1876,-5.03,2436,-43.0,-157.0,22.9,31.2
F15V4_10976687_h5,5,-1,-1.99,1778,-6.01,2556,-43.0,-197.0,21.7,32.8
F05V4_11194847_h2,2,-1,-2.08,1701,-5.98,2839,-43.0,-218.0,20.7,36.4
F05V4_26686367_h5,5,-1,-2.13,1670,-5.52,1039,-43.0,-74.0,20.4,13.3
F05V4_8957915_h2,2,-1,-2.31,1559,-4.49,1064,-44.0,-61.0,19.0,13.6
F05I3_105953_h2,2,-1,-1.89,1917,-3.44,3157,-44.0,-139.0,23.4,40.5
F05V4_26687189_h2,2,-1,-2.23,1602,-4.25,2526,-44.0,-138.0,19.5,32.4
F05V4_10976687_h15,15,-1,-1.58,2296,-10.29,3231,-44.0,-426.0,28.0,41.4
F15V4_13434299_h5,5,-1,-2.04,1760,-6.61,3104,-44.0,-263.0,21.5,39.8
F05I3_50589_h15,15,-1,-1.33,2724,-3.74,3940,-44.0,-189.0,33.2,50.5
F15V3_310175_h15,15,1,-1.75,2097,-4.17,967,-45.0,-52.0,25.6,12.4
F05I3_105885_h2,2,-1,-1.63,2286,-2.41,4304,-45.0,-133.0,27.9,55.2
F05I3_49533_h2,2,-1,-2.17,1749,-4.21,2954,-46.0,-159.0,21.3,37.9
F15V4_26873813_h5,5,1,-2.15,1761,-2.31,2543,-46.0,-75.0,21.5,32.6
F05V4_10979705_h5,5,1,-2.16,1800,-2.04,2671,-47.0,-70.0,22.0,34.2
F05V4_26655653_h5,5,-1,-2.06,1884,-3.26,2871,-47.0,-120.0,23.0,36.8
F05I4_1924673_h2,2,1,-1.91,2021,-3.92,2956,-47.0,-149.0,24.6,37.9
F05V4_24415301_h5,5,-1,-2.02,1934,-2.43,1151,-48.0,-36.0,23.6,14.8
F05I4_4855361_h5,5,-1,-1.83,2149,-4.25,2872,-48.0,-156.0,26.2,36.8
F15V3_370181_h5,5,1,-1.98,2049,-3.26,2854,-49.0,-119.0,25.0,36.6
F05V4_48_h2,2,1,-2.49,1609,-3.34,2859,-49.0,-122.0,19.6,36.7
F05V4_6434585_h5,5,1,-2.27,1755,-3.68,566,-49.0,-27.0,21.4,7.3
F05I3_110469_h5,5,-1,-1.71,2402,-2.55,3985,-50.0,-130.0,29.3,51.1
F15V4_26687195_h5,5,-1,-1.71,2395,-5.21,3773,-50.0,-252.0,29.2,48.4
F05V4_62208_h2,2,1,-2.2,1855,-3.34,3322,-50.0,-142.0,22.6,42.6
F05V4_26871227_h15,15,-1,-1.51,2705,-5.06,3816,-50.0,-248.0,33.0,48.9
F05V4_6500261_h5,5,1,-1.99,2075,-3.11,1304,-50.0,-52.0,25.3,16.7
F15V3_89405_h5,5,1,-2.38,1723,-3.06,663,-50.0,-26.0,21.0,8.5
F05V3_370175_h2,2,-1,-2.36,1730,-3.6,864,-50.0,-40.0,21.1,11.1
F05I3_109437_h2,2,-1,-1.91,2209,-4.22,3777,-51.0,-204.0,26.9,48.4
F05V4_26870831_h5,5,-1,-2.12,1966,-4.54,2837,-51.0,-165.0,24.0,36.4
F05V4_26687219_h5,5,1,-2.31,1828,-2.91,1159,-51.0,-43.0,22.3,14.9
F05I3_109151_h5,5,1,-1.85,2309,-3.7,3111,-52.0,-148.0,28.2,39.9
F15V4_13250267_h5,5,-1,-2.26,1919,-3.03,3265,-53.0,-127.0,23.4,41.9
F05V4_13247675_h2,2,1,-2.4,1802,-0.8,3078,-53.0,-32.0,22.0,39.5
F05V3_369755_h15,15,1,-1.67,2637,-3.63,1817,-54.0,-85.0,32.2,23.3
F05V3_89405_h15,15,1,-1.6,2785,-2.5,1033,-54.0,-33.0,34.0,13.2
F05I4_5248415_h2,2,-1,-2.35,1965,-2.39,3160,-56.0,-97.0,24.0,40.5
F05V4_22208255_h5,5,1,-1.93,2377,-3.37,1664,-56.0,-72.0,29.0,21.3
F05V3_864_h15,15,1,-1.49,3068,-2.45,5238,-56.0,-165.0,37.4,67.2
F05V4_10978373_h5,5,1,-2.13,2204,-4.52,1340,-57.0,-78.0,26.9,17.2
F05V3_339119_h5,5,1,-1.65,2810,-2.17,4141,-57.0,-115.0,34.3,53.1
F05V4_4478976_h2,2,1,-2.52,1860,-3.35,3415,-57.0,-147.0,22.7,43.8
F05I3_109413_h2,2,-1,-1.84,2564,-3.54,4359,-58.0,-198.0,31.3,55.9
F05I3_55269_h5,5,1,-2.02,2354,-1.0,3624,-58.0,-46.0,28.7,46.5
F05I3_109319_h2,2,-1,-2.2,2171,-4.05,3512,-58.0,-182.0,26.5,45.0
F05V3_89381_h15,15,1,-1.24,3887,-3.57,1830,-59.0,-84.0,47.4,23.5
F05V4_10979705_h2,2,1,-2.53,1951,-3.32,2967,-60.0,-126.0,23.8,38.0
F05V4_13436879_h2,2,1,-2.34,2112,-2.77,1489,-60.0,-53.0,25.8,19.1
F05V4_13436063_h5,5,1,-2.23,2229,-4.02,1468,-61.0,-76.0,27.2,18.8
F05I3_31007_h5,5,1,-2.0,2566,-4.2,2277,-63.0,-123.0,31.3,29.2
F15V3_152891_h5,5,1,-2.11,2475,-2.43,3628,-64.0,-113.0,30.2,46.5
F05V3_121775_h5,5,1,-2.45,2147,-3.75,1046,-64.0,-50.0,26.2,13.4
F15I3_109343_h5,5,1,-2.02,2657,-3.45,3731,-65.0,-165.0,32.4,47.8
F05V4_11163257_h2,2,1,-2.39,2230,-3.6,1468,-65.0,-68.0,27.2,18.8
F05V3_62208_h15,15,1,-1.79,3017,-3.59,5249,-66.0,-242.0,36.8,67.3
F05V4_11196965_h5,5,1,-2.42,2238,-3.02,3152,-66.0,-122.0,27.3,40.4
F05V4_13436915_h5,5,1,-2.43,2219,-2.27,1455,-66.0,-42.0,27.1,18.7
F05V4_6500261_h2,2,1,-2.5,2207,-3.03,1382,-67.0,-54.0,26.9,17.7
F05V3_120923_h5,5,1,-2.31,2385,-3.97,1116,-67.0,-57.0,29.1,14.3
F05V3_89369_h15,15,1,-1.66,3380,-3.32,1384,-68.0,-59.0,41.2,17.7
F05V3_369779_h15,15,1,-1.8,3102,-4.58,1497,-68.0,-88.0,37.8,19.2
F05I4_4855361_h2,2,-1,-2.39,2323,-4.19,3117,-68.0,-167.0,28.3,40.0
F15I3_50687_h5,5,1,-2.01,2836,-2.99,4037,-70.0,-155.0,34.6,51.8
F05I3_95323_h2,2,-1,-2.08,2855,-3.36,4265,-72.0,-184.0,34.8,54.7
F15V4_24602789_h5,5,-1,-2.47,2469,-2.61,3565,-74.0,-119.0,30.1,45.7
F05V3_310997_h2,2,1,-2.73,2271,-3.76,1178,-76.0,-57.0,27.7,15.1
F05V4_13436063_h2,2,1,-2.65,2380,-4.66,1571,-77.0,-94.0,29.0,20.1
F05I3_44635_h5,5,1,-1.76,3580,-0.76,5335,-77.0,-52.0,43.7,68.4
F05I3_110469_h2,2,-1,-2.44,2668,-3.06,4520,-79.0,-177.0,32.5,57.9
F05V3_307547_h5,5,-1,-2.47,2626,-2.54,1210,-79.0,-39.0,32.0,15.5
F05I3_55199_h2,2,-1,-2.42,2861,-4.27,4563,-84.0,-250.0,34.9,58.5
F05I3_104733_h2,2,-1,-2.55,2728,-2.75,4913,-85.0,-173.0,33.3,63.0
F05V3_185723_h5,5,1,-2.52,2778,-3.68,1803,-85.0,-85.0,33.9,23.1
F05V4_10976633_h5,5,1,-2.4,2928,-3.23,1916,-86.0,-79.0,35.7,24.6
F05V3_120923_h2,2,1,-2.75,2575,-4.09,1181,-86.0,-62.0,31.4,15.1
F15V3_341705_h5,5,-1,-2.67,2627,-2.58,3695,-86.0,-122.0,32.0,47.4
F05V4_26873813_h5,5,-1,-2.28,3115,-2.66,4760,-87.0,-162.0,38.0,61.0
F05I3_45859_h2,2,1,-2.45,2966,-1.59,4738,-89.0,-97.0,36.2,60.7
F05I3_50687_h15,15,-1,-1.64,4436,-4.19,5501,-89.0,-296.0,54.1,70.5
F05V3_12_h15,15,1,-1.89,3915,-2.79,6137,-90.0,-220.0,47.7,78.7
F05I3_40005_h2,2,1,-2.59,2910,-2.78,4089,-92.0,-146.0,35.5,52.4
F15V3_152459_h5,5,1,-2.29,3323,-2.44,4584,-93.0,-143.0,40.5,58.8
F05V3_151577_h15,15,1,-2.12,3597,-1.9,1697,-93.0,-41.0,43.9,21.8
F05I3_110493_h2,2,-1,-2.6,3027,-2.65,5153,-96.0,-175.0,36.9,66.1
F05V3_90281_h5,5,1,-2.2,3600,-3.15,2289,-97.0,-92.0,43.9,29.3
F05V3_154181_h15,15,1,-2.03,3930,-4.57,2466,-97.0,-144.0,47.9,31.6
F05V3_185723_h2,2,1,-2.65,3025,-3.52,1925,-98.0,-87.0,36.9,24.7
F05V3_123539_h15,15,1,-2.06,3897,-3.5,1615,-98.0,-72.0,47.5,20.7
F05V4_13436885_h2,2,-1,-2.72,2942,-4.16,4386,-98.0,-234.0,35.9,56.2
F05I3_105981_h2,2,-1,-2.56,3215,-2.21,5332,-100.0,-151.0,39.2,68.4
F05I3_104735_h5,5,-1,-2.25,3742,-3.27,5804,-103.0,-243.0,45.6,74.4
F15V3_152927_h5,5,-1,-2.4,3560,-3.49,4928,-104.0,-220.0,43.4,63.2
F15V4_24413609_h5,5,-1,-2.61,3257,-4.74,4572,-104.0,-278.0,39.7,58.6
F05V4_26687231_h15,15,-1,-2.0,4305,-4.58,5451,-105.0,-320.0,52.5,69.9
F05V3_339119_h2,2,1,-2.71,3177,-2.96,4793,-105.0,-182.0,38.7,61.4
F05V3_339083_h2,2,1,-2.79,3133,-4.51,4520,-107.0,-261.0,38.2,57.9
F05V3_62208_h5,5,1,-2.41,3771,-2.97,7052,-111.0,-269.0,46.0,90.4
F05V3_369791_h15,15,1,-2.16,4227,-5.66,2966,-111.0,-215.0,51.5,38.0
F05I3_105957_h2,2,-1,-2.48,3654,-3.81,6106,-111.0,-298.0,44.6,78.3
F05V3_864_h5,5,1,-2.39,3846,-2.9,6976,-112.0,-259.0,46.9,89.4
F05I3_44635_h2,2,1,-2.25,4133,-1.95,6365,-113.0,-159.0,50.4,81.6
F05V3_186581_h2,2,-1,-2.44,3835,-3.95,5529,-114.0,-280.0,46.8,70.9
F15V3_341669_h15,15,-1,-2.26,4175,-5.07,5116,-115.0,-333.0,50.9,65.6
F05I3_96545_h2,2,-1,-2.6,3622,-3.63,5450,-115.0,-254.0,44.2,69.9
F05V3_151625_h5,5,1,-2.59,3781,-3.71,2394,-119.0,-114.0,46.1,30.7
F05V3_373211_h15,15,-1,-2.08,4832,-4.12,5841,-123.0,-309.0,58.9,74.9
F05V3_370217_h2,2,-1,-2.75,3776,-4.05,5428,-127.0,-282.0,46.0,69.6
F15V3_372773_h5,5,1,-2.76,3926,-3.1,5173,-132.0,-206.0,47.9,66.3
F05V3_62208_h2,2,1,-2.76,4110,-3.22,7954,-138.0,-328.0,50.1,102.0
F05I3_50589_h2,2,-1,-2.66,4258,-3.37,7259,-138.0,-314.0,51.9,93.1
F05V3_864_h2,2,1,-2.73,4186,-3.12,7833,-139.0,-313.0,51.0,100.4
F05V3_90281_h2,2,1,-2.87,4036,-3.38,2493,-141.0,-108.0,49.2,32.0
F05I3_109341_h2,2,-1,-2.41,4888,-3.39,7848,-144.0,-341.0,59.6,100.6
F15V4_24600197_h5,5,-1,-2.55,4668,-4.26,6262,-145.0,-342.0,56.9,80.3
F05I3_30615_h2,2,1,-2.76,4301,-3.84,2560,-145.0,-126.0,52.5,32.8
F15V3_186587_h5,5,-1,-2.65,4751,-4.45,6746,-154.0,-385.0,57.9,86.5
F05V3_89369_h5,5,1,-2.53,5042,-3.98,1852,-156.0,-94.0,61.5,23.7
F05V4_26871227_h2,2,-1,-2.69,4957,-3.6,8048,-163.0,-371.0,60.5,103.2
F15V3_339077_h15,15,-1,-2.47,5491,-5.84,6257,-165.0,-468.0,67.0,80.2
F05V3_91973_h5,5,1,-2.8,4904,-3.37,2073,-167.0,-90.0,59.8,26.6
F05V4_24600233_h2,2,-1,-2.7,5093,-3.38,7230,-168.0,-313.0,62.1,92.7
F05V3_183167_h5,5,1,-2.77,5114,-3.71,3475,-173.0,-165.0,62.4,44.6
F05V3_121823_h5,5,1,-2.71,5722,-3.42,3804,-189.0,-167.0,69.8,48.8
F05V3_373235_h5,5,1,-2.78,5611,-3.17,3542,-190.0,-144.0,68.4,45.4
F05V4_26687231_h5,5,-1,-2.12,7532,-4.28,10346,-195.0,-568.0,91.9,132.6
F05V3_90233_h2,2,1,-3.01,5431,-3.42,2299,-199.0,-101.0,66.2,29.5
F05V3_276869_h5,5,1,-2.6,6386,-4.0,3865,-202.0,-198.0,77.9,49.6
F05V3_12_h2,2,1,-2.93,5673,-3.19,9722,-203.0,-398.0,69.2,124.6
F15V4_24413573_h5,5,-1,-2.74,6130,-4.01,8073,-205.0,-415.0,74.8,103.5
F05V3_373205_h5,5,-1,-2.66,6328,-3.62,8435,-205.0,-391.0,77.2,108.1
F05I3_40097_h2,2,1,-2.88,6213,-2.25,8966,-218.0,-259.0,75.8,114.9
F15V3_341669_h5,5,-1,-2.89,6647,-4.03,8626,-234.0,-446.0,81.1,110.6
F05V4_13436891_h2,2,-1,-2.99,6680,-4.34,10398,-244.0,-579.0,81.5,133.3
F05V3_121823_h2,2,1,-3.0,6699,-3.31,4369,-245.0,-185.0,81.7,56.0
F05V3_14_h15,15,1,-2.53,8301,-2.97,7199,-256.0,-274.0,101.2,92.3
F05V4_10976681_h2,2,1,-2.8,7616,-2.56,11311,-260.0,-371.0,92.9,145.0
F05V3_373205_h2,2,-1,-2.98,8119,-3.32,11251,-295.0,-479.0,99.0,144.2
F05V4_13436927_h5,5,-1,-2.91,8422,-3.9,11460,-299.0,-573.0,102.7,146.9
F05V3_152441_h2,2,1,-3.06,8036,-2.91,4952,-300.0,-185.0,98.0,63.5
F05V4_0_h15,15,1,-2.42,10339,-2.51,7447,-305.0,-240.0,126.1,95.5
F05V3_373211_h5,5,-1,-2.93,8658,-3.79,11424,-309.0,-555.0,105.6,146.5
F05V4_26871263_h2,2,-1,-3.03,8499,-3.66,12946,-314.0,-607.0,103.6,166.0
F05V3_152489_h5,5,1,-2.93,9178,-2.14,11897,-328.0,-326.0,111.9,152.5
F05V4_26687231_h2,2,-1,-2.84,10318,-3.54,15126,-357.0,-686.0,125.8,193.9
F05V4_10979237_h2,2,1,-2.99,9853,-2.72,14054,-359.0,-490.0,120.2,180.2
F05V3_370655_h5,5,-1,-2.76,10682,-4.33,13482,-360.0,-748.0,130.3,172.8
F05V3_373247_h5,5,-1,-2.95,10944,-3.68,13606,-394.0,-642.0,133.5,174.4
F15V3_36_h5,5,1,-3.09,10760,-3.22,6212,-405.0,-256.0,131.2,79.6
F15V3_2592_h5,5,1,-3.04,11165,-3.2,6333,-414.0,-260.0,136.2,81.2
F05V3_155045_h5,5,1,-3.03,11406,-2.24,13850,-421.0,-398.0,139.1,177.6
F05V3_72576_h5,5,1,-3.0,11582,-2.95,10214,-424.0,-386.0,141.2,130.9
F05V3_186587_h2,2,-1,-3.12,11541,-4.02,16218,-439.0,-836.0,140.7,207.9
F05V3_14_h5,5,1,-3.0,12034,-3.36,10544,-440.0,-454.0,146.8,135.2
F05V3_0_h15,15,1,-2.79,13296,-2.88,10627,-452.0,-392.0,162.1,136.2
F05V3_373211_h2,2,-1,-3.04,12259,-3.74,17357,-454.0,-832.0,149.5,222.5
F05V4_31542_h2,2,1,-3.11,12170,-3.12,7091,-462.0,-284.0,148.4,90.9
F05V3_152489_h2,2,1,-2.96,13306,-2.66,18144,-480.0,-619.0,162.3,232.6
F15V3_0_h5,5,1,-3.11,13679,-3.08,7816,-519.0,-309.0,166.8,100.2
F05V3_370655_h2,2,-1,-3.0,15817,-3.61,21263,-579.0,-984.0,192.9,272.6
F05V3_155045_h2,2,1,-3.18,17140,-3.04,21964,-665.0,-856.0,209.0,281.6
F05V4_0_h5,5,1,-3.0,19276,-3.13,12754,-705.0,-512.0,235.1,163.5
F05V3_36_h5,5,1,-3.15,19317,-2.96,13622,-742.0,-517.0,235.6,174.6
F05V3_438_h2,2,1,-3.22,21582,-3.34,13841,-847.0,-593.0,263.2,177.4
F05V3_6_h2,2,1,-3.25,21429,-3.34,13508,-849.0,-578.0,261.3,173.2
F05V3_36_h2,2,1,-3.26,26089,-3.25,17755,-1037.0,-740.0,318.2,227.6
F05V4_0_h2,2,1,-3.14,27600,-3.19,17183,-1057.0,-703.0,336.6,220.3
F05V3_0_h5,5,1,-3.17,28029,-3.08,20791,-1084.0,-821.0,341.8,266.6
F05I3_0_h2,2,1,-3.18,39652,-3.11,20877,-1538.0,-832.0,483.6,267.7
F05V3_0_h2,2,1,-3.24,44862,-3.22,31209,-1773.0,-1288.0,547.1,400.1
